experiment_name,instance_name,algorithm_name,eta0,seed,T,gamma,u_star,final_utility,mean_utility,final_gap,mean_gap,final_avg_weight_gap,final_time_avg_gap,l1_error_to_w_star,final_w_0,final_w_1,final_w_2,final_w_3,w_star_0,w_star_1,w_star_2,w_star_3
variance_suite_eta_grid,beta_mixture_4,variance_mirror_ascent,0.5,100,500,0.02,0.10148558758314846,0.07507855627471577,0.07232877236443755,0.026407031308432694,0.029156815218710896,0.02915426746775701,0.02915681521871092,0.7156402598418922,0.2980166653744672,0.3041632047045864,0.22096849173657954,0.17685163818436692,0.4800000000000002,0.4799999999999995,0.02000000000000006,0.020000000000000302
variance_suite_eta_grid,beta_mixture_4,variance_mirror_ascent,0.5,200,500,0.02,0.10148558758314846,0.07401918340589714,0.07131340740847475,0.027466404177251325,0.030172180174673716,0.03017104408145277,0.03017218017467374,0.7347593267582573,0.29281484324978313,0.29980549337108786,0.2182975944686486,0.18908206891048032,0.4800000000000002,0.4799999999999995,0.02000000000000006,0.020000000000000302
variance_suite_eta_grid,beta_mixture_4,variance_mirror_ascent,0.5,300,500,0.02,0.10148558758314846,0.07343239679211477,0.07090442562921838,0.02805319079103369,0.03058116195393008,0.030580051905771677,0.030581161953930094,0.7653776828034105,0.28378868389071005,0.2935224747075844,0.23935562017017753,0.18333322123152804,0.4800000000000002,0.4799999999999995,0.02000000000000006,0.020000000000000302
variance_suite_eta_grid,beta_mixture_4,variance_mirror_ascent,0.5,400,500,0.02,0.10148558758314846,0.07518043262166199,0.07243408215970204,0.02630515496148647,0.029051505423446415,0.029049374931223088,0.029051505423446415,0.7087643336723176,0.313490927634227,0.29212690552961385,0.216437851826485,0.1779443150096742,0.4800000000000002,0.4799999999999995,0.02000000000000006,0.020000000000000302
variance_suite_eta_grid,beta_mixture_4,variance_mirror_ascent,0.5,500,500,0.02,0.10148558758314846,0.07508508796379548,0.07247755156121337,0.02640049961935298,0.02900803602193509,0.029005287857027495,0.029008036021935107,0.7155542215481958,0.2880023415012981,0.31422054772460367,0.22235251142442328,0.175424599349675,0.4800000000000002,0.4799999999999995,0.02000000000000006,0.020000000000000302
variance_suite_eta_grid,beta_mixture_4,variance_mirror_ascent,0.5,600,500,0.02,0.10148558758314846,0.07373150312045482,0.07101526487551399,0.027754084462693646,0.030470322707634473,0.03046894290563712,0.03047032270763449,0.7512385786878232,0.2987895201008531,0.28559119055523496,0.2304785336307707,0.1851407557131412,0.4800000000000002,0.4799999999999995,0.02000000000000006,0.020000000000000302
variance_suite_eta_grid,beta_mixture_4,variance_mirror_ascent,0.5,700,500,0.02,0.10148558758314846,0.07507857434053533,0.07207236410524132,0.02640701324261313,0.02941322347790715,0.02941110362213814,0.02941322347790715,0.7081018711949678,0.30515813664919106,0.3007909277533248,0.21247842027446337,0.18157251532302088,0.4800000000000002,0.4799999999999995,0.02000000000000006,0.020000000000000302
variance_suite_eta_grid,beta_mixture_4,variance_mirror_ascent,0.5,800,500,0.02,0.10148558758314846,0.07501948557739468,0.07217758963541161,0.026466102005753778,0.02930799794773685,0.02930602778190433,0.029307997947736853,0.7192564784389254,0.29253523687499705,0.30783652390553984,0.22408005699383177,0.17554818222563126,0.4800000000000002,0.4799999999999995,0.02000000000000006,0.020000000000000302
variance_suite_eta_grid,beta_mixture_4,variance_mirror_ascent,0.5,900,500,0.02,0.10148558758314846,0.07526916395080058,0.07269461083795489,0.026216423632347885,0.028790976745193562,0.02878845207031916,0.028790976745193573,0.70604761788901,0.30126190923627394,0.3057142818192206,0.21451791412871432,0.17850589481579104,0.4800000000000002,0.4799999999999995,0.02000000000000006,0.020000000000000302
variance_suite_eta_grid,beta_mixture_4,variance_mirror_ascent,0.5,1000,500,0.02,0.10148558758314846,0.07455371347614353,0.07192189449372047,0.026931874107004927,0.029563693089427984,0.029556794488621863,0.029563693089427977,0.721039161553249,0.2893501906450912,0.31013022857828393,0.21587481470551667,0.1846447660711082,0.4800000000000002,0.4799999999999995,0.02000000000000006,0.020000000000000302
variance_suite_eta_grid,beta_mixture_4,variance_if_ascent,0.5,100,500,0.02,0.10148558758314846,0.08298544704414279,0.08098129622735224,0.01850014053900567,0.020504291355796223,0.02049174735937287,0.020504291355796227,0.5243864277776915,0.37241120480579176,0.3253955813053621,0.19108779011726545,0.11110542377158064,0.4800000000000002,0.4799999999999995,0.02000000000000006,0.020000000000000302
variance_suite_eta_grid,beta_mixture_4,variance_if_ascent,0.5,200,500,0.02,0.10148558758314846,0.07448835937695686,0.07097506601557813,0.026997228206191604,0.030510521567570344,0.030507348781600663,0.030510521567570337,0.6520677331685412,0.30165384534847794,0.3323122880672511,0.13809625880867019,0.22793760777560074,0.4800000000000002,0.4799999999999995,0.02000000000000006,0.020000000000000302
variance_suite_eta_grid,beta_mixture_4,variance_if_ascent,0.5,300,500,0.02,0.10148558758314846,0.07711555808058804,0.07467914028499366,0.024370029502560425,0.026806447298154807,0.026801055665190754,0.026806447298154814,0.6425311084665837,0.3262857901357873,0.31244865563092056,0.18571105651856012,0.17555449771473206,0.4800000000000002,0.4799999999999995,0.02000000000000006,0.020000000000000302
variance_suite_eta_grid,beta_mixture_4,variance_if_ascent,0.5,400,500,0.02,0.10148558758314846,0.06097981607135977,0.05889987282435344,0.04050577151178869,0.04258571475879504,0.04257823906655728,0.04258571475879497,1.0130684194233668,0.13047888737388658,0.3229869029144298,0.309204768158804,0.23732944155287966,0.4800000000000002,0.4799999999999995,0.02000000000000006,0.020000000000000302
variance_suite_eta_grid,beta_mixture_4,variance_if_ascent,0.5,500,500,0.02,0.10148558758314846,0.07974730120136625,0.0772763741703107,0.021738286381782213,0.024209213412837775,0.02420529718785336,0.024209213412837785,0.5798283474811502,0.32252948427868683,0.3475563419807377,0.1762447193375293,0.15366945440304608,0.4800000000000002,0.4799999999999995,0.02000000000000006,0.020000000000000302
variance_suite_eta_grid,beta_mixture_4,variance_if_ascent,0.5,600,500,0.02,0.10148558758314846,0.07008173090088626,0.06756008278099535,0.0314038566822622,0.03392550480215311,0.03392442232716847,0.03392550480215315,0.8223252094679744,0.21175886587480414,0.3370785293912083,0.25888621059096345,0.19227639414302403,0.4800000000000002,0.4799999999999995,0.02000000000000006,0.020000000000000302
variance_suite_eta_grid,beta_mixture_4,variance_if_ascent,0.5,700,500,0.02,0.10148558758314846,0.0672505017615112,0.06456469682066092,0.03423508582163726,0.03692089076248754,0.03691851798399093,0.03692089076248753,0.9518722561322678,0.22980302235858555,0.25426084957528017,0.30867781426255203,0.20725831380358214,0.4800000000000002,0.4799999999999995,0.02000000000000006,0.020000000000000302
variance_suite_eta_grid,beta_mixture_4,variance_if_ascent,0.5,800,500,0.02,0.10148558758314846,0.07830839492953101,0.0757160935419214,0.02317719265361745,0.025769494041227074,0.025752907261761465,0.025769494041227102,0.6391407970896378,0.3240850682468252,0.3163445332083555,0.20881029264073486,0.15076010590408434,0.4800000000000002,0.4799999999999995,0.02000000000000006,0.020000000000000302
variance_suite_eta_grid,beta_mixture_4,variance_if_ascent,0.5,900,500,0.02,0.10148558758314846,0.06810630477142526,0.0646825826528179,0.0333792828117232,0.03680300493033055,0.03680128441197256,0.03680300493033055,0.7977107632195635,0.2207749025568348,0.3403697158333831,0.18341807536955407,0.255437306240228,0.4800000000000002,0.4799999999999995,0.02000000000000006,0.020000000000000302
variance_suite_eta_grid,beta_mixture_4,variance_if_ascent,0.5,1000,500,0.02,0.10148558758314846,0.07508633038089624,0.07248591096205438,0.026399257202252224,0.028999676621094077,0.028997172017089512,0.028999676621094074,0.6551577505073036,0.2741271577948497,0.3582939669514981,0.16777670323895602,0.19980217201469613,0.4800000000000002,0.4799999999999995,0.02000000000000006,0.020000000000000302
variance_suite_eta_grid,beta_mixture_4,variance_mirror_ascent,1.0,100,500,0.02,0.10148558758314846,0.0819105590927656,0.0771572606785183,0.019575028490382868,0.024328326904630163,0.024321429049484283,0.024328326904630156,0.5387308703563656,0.34880416365883643,0.3418304011629804,0.17825563136196773,0.13110980381621537,0.4800000000000002,0.4799999999999995,0.02000000000000006,0.020000000000000302
variance_suite_eta_grid,beta_mixture_4,variance_mirror_ascent,1.0,200,500,0.02,0.10148558758314846,0.08052154296609701,0.07564345466999609,0.020964044617051453,0.025842132913152377,0.02583793225085318,0.0258421329131524,0.564858736241959,0.34075334641317406,0.3368172854658461,0.17584387201677937,0.14658549610420055,0.4800000000000002,0.4799999999999995,0.02000000000000006,0.020000000000000302
variance_suite_eta_grid,beta_mixture_4,variance_mirror_ascent,1.0,300,500,0.02,0.10148558758314846,0.07862679943423512,0.07451452236643413,0.022858788148913345,0.026971065216714326,0.026967515683256338,0.02697106521671434,0.6393731091062451,0.31517828658894703,0.3251351588579301,0.21640371875778555,0.14328283579533732,0.4800000000000002,0.4799999999999995,0.02000000000000006,0.020000000000000302
variance_suite_eta_grid,beta_mixture_4,variance_mirror_ascent,1.0,400,500,0.02,0.10148558758314846,0.08183878030141886,0.07729829803904287,0.0196468072817296,0.024187289544105588,0.024172334157472497,0.02418728954410562,0.5416977628614394,0.3525746450246373,0.33657647354464265,0.18037216750361298,0.1304767139271071,0.4800000000000002,0.4799999999999995,0.02000000000000006,0.020000000000000302
variance_suite_eta_grid,beta_mixture_4,variance_mirror_ascent,1.0,500,500,0.02,0.10148558758314846,0.08149249479521997,0.07724962181254658,0.01999309278792849,0.024235965770601883,0.0242288324799394,0.024235965770601862,0.5558070175432316,0.31966914050612344,0.36242735072226034,0.19152728281912074,0.12637622595249534,0.4800000000000002,0.4799999999999995,0.02000000000000006,0.020000000000000302
variance_suite_eta_grid,beta_mixture_4,variance_mirror_ascent,1.0,600,500,0.02,0.10148558758314846,0.07918713187951043,0.07499869268818844,0.02229845570363803,0.026486894894960016,0.026474704343938116,0.026486894894960023,0.6240805565526364,0.32567849349876427,0.32228122822491717,0.2118410757077812,0.14019920256853735,0.4800000000000002,0.4799999999999995,0.02000000000000006,0.020000000000000302
variance_suite_eta_grid,beta_mixture_4,variance_mirror_ascent,1.0,700,500,0.02,0.10148558758314846,0.08129620096973139,0.07659076821146854,0.02018938661341707,0.02489481937167992,0.024873596775656648,0.024894819371679925,0.5511005689079843,0.33974458520156814,0.3447051303444393,0.1780817204831065,0.13746856397088592,0.4800000000000002,0.4799999999999995,0.02000000000000006,0.020000000000000302
variance_suite_eta_grid,beta_mixture_4,variance_mirror_ascent,1.0,800,500,0.02,0.10148558758314846,0.08163352927034873,0.07663490115745275,0.019852058312799736,0.024850686425695715,0.024841256221159846,0.02485068642569572,0.5540792271018902,0.34080755677035884,0.3421528296786957,0.18905828286439919,0.12798133068654616,0.4800000000000002,0.4799999999999995,0.02000000000000006,0.020000000000000302
variance_suite_eta_grid,beta_mixture_4,variance_mirror_ascent,1.0,900,500,0.02,0.10148558758314846,0.08188660612151466,0.07779841334293641,0.019598981461633802,0.023687174240212036,0.023674117059605593,0.023687174240212047,0.5405019031052959,0.3395854334950812,0.35016361495227055,0.17982543163802425,0.13042551991462406,0.4800000000000002,0.4799999999999995,0.02000000000000006,0.020000000000000302
variance_suite_eta_grid,beta_mixture_4,variance_mirror_ascent,1.0,1000,500,0.02,0.10148558758314846,0.08049630094673083,0.07579872872127416,0.020989286636417637,0.0256868588618743,0.02565603938474431,0.025686858861874298,0.5675074450563404,0.3184743177549483,0.3577719597168812,0.1813727441176153,0.14238097841055528,0.4800000000000002,0.4799999999999995,0.02000000000000006,0.020000000000000302
variance_suite_eta_grid,beta_mixture_4,variance_if_ascent,1.0,100,500,0.02,0.10148558758314846,0.09450375696578378,0.09314753733194363,0.006981830617364682,0.00833805025120484,0.008188922506466134,0.008338050251204843,0.21868987617560365,0.415794338942569,0.4348607229696288,0.10691238401977596,0.04243255406802617,0.4800000000000002,0.4799999999999995,0.02000000000000006,0.020000000000000302
variance_suite_eta_grid,beta_mixture_4,variance_if_ascent,1.0,200,500,0.02,0.10148558758314846,0.07640832020325639,0.06914912507800937,0.025077267379892076,0.0323364625051391,0.03231023331833477,0.032336462505139094,0.5981587186822712,0.3023762868849568,0.3585443537739072,0.12592582820516138,0.21315353113597457,0.4800000000000002,0.4799999999999995,0.02000000000000006,0.020000000000000302
variance_suite_eta_grid,beta_mixture_4,variance_if_ascent,1.0,300,500,0.02,0.10148558758314846,0.08359243119495041,0.07882415782624741,0.01789315638819805,0.022661429756901046,0.022539419981733977,0.022661429756901073,0.45403015231117566,0.32727629133123176,0.40570863251318007,0.1341086161074017,0.13290646004818646,0.4800000000000002,0.4799999999999995,0.02000000000000006,0.020000000000000302
variance_suite_eta_grid,beta_mixture_4,variance_if_ascent,1.0,400,500,0.02,0.10148558758314846,0.05301532738014758,0.05176513166007361,0.04847026020300088,0.04972045592307485,0.04971211434632622,0.049720455923074836,1.5186469242330538,0.047279495354598244,0.1533970425288745,0.641765437884069,0.15755802423245815,0.4800000000000002,0.4799999999999995,0.02000000000000006,0.020000000000000302
variance_suite_eta_grid,beta_mixture_4,variance_if_ascent,1.0,500,500,0.02,0.10148558758314846,0.08732620630466437,0.08370996286764643,0.014159381278484096,0.017775624715502026,0.017615811872225884,0.01777562471550202,0.36143019731724324,0.3462321615431899,0.4330527397981881,0.11817319422953651,0.10254190442908542,0.4800000000000002,0.4799999999999995,0.02000000000000006,0.020000000000000302
variance_suite_eta_grid,beta_mixture_4,variance_if_ascent,1.0,600,500,0.02,0.10148558758314846,0.07071784493199573,0.06660791290111812,0.03076774265115273,0.03487767468203036,0.03486140505262081,0.034877674682030325,0.8023255852936354,0.18681624961545307,0.372020957737729,0.2890729735748673,0.15208981907195082,0.4800000000000002,0.4799999999999995,0.02000000000000006,0.020000000000000302
variance_suite_eta_grid,beta_mixture_4,variance_if_ascent,1.0,700,500,0.02,0.10148558758314846,0.06853883616824308,0.06335412093453553,0.032946751414905384,0.03813146664861294,0.03812179128159909,0.03813146664861297,0.9172101281292456,0.21488224887139074,0.2865126870639861,0.30845171646373926,0.19015334760088384,0.4800000000000002,0.4799999999999995,0.02000000000000006,0.020000000000000302
variance_suite_eta_grid,beta_mixture_4,variance_if_ascent,1.0,800,500,0.02,0.10148558758314846,0.08578483517325852,0.08133778755079615,0.01570075240988994,0.020147800032352323,0.020054551973510137,0.020147800032352312,0.42631962484308217,0.39765003349805905,0.34919015408039955,0.14518061937029017,0.1079791930512513,0.4800000000000002,0.4799999999999995,0.02000000000000006,0.020000000000000302
variance_suite_eta_grid,beta_mixture_4,variance_if_ascent,1.0,900,500,0.02,0.10148558758314846,0.06996257336481865,0.0641059118079504,0.031523014218329815,0.03737967577519806,0.03737625215503554,0.03737967577519804,0.7086344336150413,0.2002196521749208,0.4054631310175582,0.18286131922185211,0.21145589758566877,0.4800000000000002,0.4799999999999995,0.02000000000000006,0.020000000000000302
variance_suite_eta_grid,beta_mixture_4,variance_if_ascent,1.0,1000,500,0.02,0.10148558758314846,0.08252953187548029,0.07688503128591877,0.018956055707668173,0.024600556297229688,0.024550947412432744,0.02460055629722972,0.4359042711465738,0.317561260916388,0.4244866035103248,0.1004020372673334,0.15755009830595382,0.4800000000000002,0.4799999999999995,0.02000000000000006,0.020000000000000302
variance_suite_eta_grid,beta_mixture_4,variance_mirror_ascent,2.0,100,500,0.02,0.10148558758314846,0.08971114385104945,0.08376526128449734,0.011774443732099016,0.017720326298651126,0.017696456368912206,0.01772032629865111,0.34426595311049574,0.3892463146593054,0.3986207087854463,0.13797964925515613,0.07415332730009203,0.4800000000000002,0.4799999999999995,0.02000000000000006,0.020000000000000302
variance_suite_eta_grid,beta_mixture_4,variance_mirror_ascent,2.0,200,500,0.02,0.10148558758314846,0.08973676876792555,0.08313743813445708,0.011748818815222911,0.01834814944869138,0.01833504670844799,0.018348149448691387,0.32051974070111927,0.41188518989928713,0.38785493975015284,0.11294241272790845,0.08731745762265147,0.4800000000000002,0.4799999999999995,0.02000000000000006,0.020000000000000302
variance_suite_eta_grid,beta_mixture_4,variance_mirror_ascent,2.0,300,500,0.02,0.10148558758314846,0.08798129209563516,0.0809211604729762,0.013504295487513307,0.020564427110172253,0.02054838756873234,0.02056442711017224,0.38469708629388544,0.38241247772609005,0.38523897912696686,0.1437455721635098,0.08860297098343324,0.4800000000000002,0.4799999999999995,0.02000000000000006,0.020000000000000302
variance_suite_eta_grid,beta_mixture_4,variance_mirror_ascent,2.0,400,500,0.02,0.10148558758314846,0.08997060348223351,0.08470798345221915,0.011514984100914949,0.01677760413092931,0.016704286898221676,0.016777604130929293,0.3308479941306257,0.3833856388836655,0.4111903640510213,0.13024989295303377,0.0751741041122794,0.4800000000000002,0.4799999999999995,0.02000000000000006,0.020000000000000302
variance_suite_eta_grid,beta_mixture_4,variance_mirror_ascent,2.0,500,500,0.02,0.10148558758314846,0.08850324465290643,0.08209214088807223,0.01298234293024203,0.019393446695076234,0.019369742489929676,0.01939344669507623,0.375224322458935,0.36690877880778194,0.40547905996275024,0.14804685272077145,0.07956530850869643,0.4800000000000002,0.4799999999999995,0.02000000000000006,0.020000000000000302
variance_suite_eta_grid,beta_mixture_4,variance_mirror_ascent,2.0,600,500,0.02,0.10148558758314846,0.08691952594631802,0.08111251729092459,0.01456606163683044,0.020373070292223877,0.02028048818828604,0.020373070292223898,0.4189420127399309,0.3642321531804537,0.3862968404495804,0.15893839107765678,0.09053261529230898,0.4800000000000002,0.4799999999999995,0.02000000000000006,0.020000000000000302
variance_suite_eta_grid,beta_mixture_4,variance_mirror_ascent,2.0,700,500,0.02,0.10148558758314846,0.08963571311135146,0.08417905069602463,0.011849874471797,0.01730653688712382,0.017263063715214716,0.017306536887123827,0.3312057470771259,0.40960683908261203,0.3847902873788247,0.12270060636369369,0.08290226717486969,0.4800000000000002,0.4799999999999995,0.02000000000000006,0.020000000000000302
variance_suite_eta_grid,beta_mixture_4,variance_mirror_ascent,2.0,800,500,0.02,0.10148558758314846,0.0900838268273696,0.08315980216862158,0.011401760755778867,0.018325785414526882,0.018277845805793613,0.01832578541452687,0.33095981519198764,0.3985455801807795,0.3959745122232263,0.13138293495726824,0.07409697263872589,0.4800000000000002,0.4799999999999995,0.02000000000000006,0.020000000000000302
variance_suite_eta_grid,beta_mixture_4,variance_mirror_ascent,2.0,900,500,0.02,0.10148558758314846,0.089925409778915,0.08484320132575682,0.011560177804233462,0.016642386257391634,0.0165964306344214,0.016642386257391655,0.31612446257221355,0.42462513077133457,0.3773126379425583,0.11571628570543586,0.0823459455806712,0.4800000000000002,0.4799999999999995,0.02000000000000006,0.020000000000000302
variance_suite_eta_grid,beta_mixture_4,variance_mirror_ascent,2.0,1000,500,0.02,0.10148558758314846,0.08933886890330228,0.08267048983058216,0.01214671867984618,0.01881509775256631,0.018781792349097548,0.018815097752566307,0.3380318940171626,0.37713594632034214,0.41384810667107624,0.12509315268073293,0.08392279432784876,0.4800000000000002,0.4799999999999995,0.02000000000000006,0.020000000000000302
variance_suite_eta_grid,beta_mixture_4,variance_if_ascent,2.0,100,500,0.02,0.10148558758314846,0.08604008316497333,0.07365938863246445,0.015445504418175132,0.027826198950684014,0.02502626034019778,0.027826198950683993,0.48898696371511574,0.43430201471924473,0.2812045034231973,0.2644934818575579,0.02,0.4800000000000002,0.4799999999999995,0.02000000000000006,0.020000000000000302
variance_suite_eta_grid,beta_mixture_4,variance_if_ascent,2.0,200,500,0.02,0.10148558758314846,0.08234576615349964,0.06506133559623214,0.019139821429648818,0.03642425198691632,0.03623796197557899,0.03642425198691631,0.40029878408142394,0.35397071039654,0.4058798975627477,0.03838110519780434,0.20176828684290798,0.4800000000000002,0.4799999999999995,0.02000000000000006,0.020000000000000302
variance_suite_eta_grid,beta_mixture_4,variance_if_ascent,2.0,300,500,0.02,0.10148558758314846,0.09417804327858625,0.08746665835965184,0.007307544304562208,0.014018929223496618,0.012442025320129169,0.014018929223496629,0.16703394439513145,0.4171536692939534,0.4593293585084805,0.04447737979858569,0.07903959239898035,0.4800000000000002,0.4799999999999995,0.02000000000000006,0.020000000000000302
variance_suite_eta_grid,beta_mixture_4,variance_if_ascent,2.0,400,500,0.02,0.10148558758314846,0.049752605606902756,0.04691257896741989,0.05173298197624571,0.05457300861572858,0.05455675879807975,0.054573008615728606,1.5968746987643936,0.02,0.14156265061780285,0.6623667310265968,0.17607061835560037,0.4800000000000002,0.4799999999999995,0.02000000000000006,0.020000000000000302
variance_suite_eta_grid,beta_mixture_4,variance_if_ascent,2.0,500,500,0.02,0.10148558758314846,0.09849095185893564,0.09616698692709168,0.002994635724212824,0.005318600656056796,0.004535724764545002,0.005318600656056793,0.07746271586563036,0.4659970597547846,0.45527158231239995,0.03887681244509373,0.03985454548772186,0.4800000000000002,0.4799999999999995,0.02000000000000006,0.020000000000000302
variance_suite_eta_grid,beta_mixture_4,variance_if_ascent,2.0,600,500,0.02,0.10148558758314846,0.06236891191382232,0.05925219901380109,0.03911667566932614,0.04223338856934737,0.042144495999352494,0.04223338856934741,0.9972494783746664,0.07935217213235317,0.3820230886803133,0.43493710885898546,0.10368763032834813,0.4800000000000002,0.4799999999999995,0.02000000000000006,0.020000000000000302
variance_suite_eta_grid,beta_mixture_4,variance_if_ascent,2.0,700,500,0.02,0.10148558758314846,0.057584788964797906,0.05327663524344447,0.043900798618350556,0.048208952339704,0.04815518420335585,0.04820895233970397,1.2929588392650355,0.07951681347880782,0.23400376688867416,0.5186442361029662,0.16783518352955193,0.4800000000000002,0.4799999999999995,0.02000000000000006,0.020000000000000302
variance_suite_eta_grid,beta_mixture_4,variance_if_ascent,2.0,800,500,0.02,0.10148558758314846,0.09131748780644569,0.08316414301814135,0.010168099776702771,0.01832144456500712,0.01647628167874951,0.018321444565007148,0.3101656454005255,0.42788472229486263,0.3770324550048743,0.14145596790213347,0.053626854798129654,0.4800000000000002,0.4799999999999995,0.02000000000000006,0.020000000000000302
variance_suite_eta_grid,beta_mixture_4,variance_if_ascent,2.0,900,500,0.02,0.10148558758314846,0.059689601999371955,0.05332826258398087,0.04179598558377651,0.04815732499916758,0.04811315214931877,0.0481573249991676,0.7801188732250759,0.10862833947511785,0.46131222391234394,0.19765020581638013,0.23240923079615816,0.4800000000000002,0.4799999999999995,0.02000000000000006,0.020000000000000302
variance_suite_eta_grid,beta_mixture_4,variance_if_ascent,2.0,1000,500,0.02,0.10148558758314846,0.09179696955457689,0.08241065715918444,0.009688618028571572,0.019074930423964024,0.018027405357177395,0.019074930423964,0.20329603936485063,0.39402984910992483,0.4643221312076495,0.03738185519284917,0.10426616448957643,0.4800000000000002,0.4799999999999995,0.02000000000000006,0.020000000000000302
variance_suite_eta_grid,beta_mixture_4,variance_mirror_ascent,3.0,100,500,0.02,0.10148558758314846,0.09333353844825243,0.08779499786526404,0.008152049134896033,0.013690589717884434,0.0136392909243655,0.013690589717884439,0.23782233329620933,0.4062394265685557,0.4348494067833393,0.1026417076426467,0.05626945900545829,0.4800000000000002,0.4799999999999995,0.02000000000000006,0.020000000000000302
variance_suite_eta_grid,beta_mixture_4,variance_mirror_ascent,3.0,200,500,0.02,0.10148558758314846,0.09434066777924327,0.088185172334675,0.007144919803905192,0.01330041524847346,0.013263428015666462,0.013300415248473463,0.19522449847702922,0.45073976977743163,0.41164798098405353,0.0792754228162926,0.058336826422222446,0.4800000000000002,0.4799999999999995,0.02000000000000006,0.020000000000000302
variance_suite_eta_grid,beta_mixture_4,variance_mirror_ascent,3.0,300,500,0.02,0.10148558758314846,0.09287086549751744,0.0848363020412003,0.008614722085631021,0.01664928554194816,0.01660372496553464,0.016649285541948174,0.24419331668174604,0.4168266644444715,0.4210766772146551,0.0976053096462661,0.06449134869460717,0.4800000000000002,0.4799999999999995,0.02000000000000006,0.020000000000000302
variance_suite_eta_grid,beta_mixture_4,variance_mirror_ascent,3.0,400,500,0.02,0.10148558758314846,0.09406756138691308,0.0890043174209829,0.007418026196235383,0.012481270162165558,0.01227365830424948,0.012481270162165544,0.21782722534953097,0.40207551743321873,0.44901086989201544,0.09978037413069756,0.04913323854406828,0.4800000000000002,0.4799999999999995,0.02000000000000006,0.020000000000000302
variance_suite_eta_grid,beta_mixture_4,variance_mirror_ascent,3.0,500,500,0.02,0.10148558758314846,0.09280325819354546,0.08608814319261718,0.008682329389603005,0.015397444390531277,0.015320817560132483,0.015397444390531277,0.2616996573380003,0.39530673661817245,0.43384343471282716,0.11870106654965853,0.05214876211934205,0.4800000000000002,0.4799999999999995,0.02000000000000006,0.020000000000000302
variance_suite_eta_grid,beta_mixture_4,variance_mirror_ascent,3.0,600,500,0.02,0.10148558758314846,0.09281981632016312,0.0861639842022779,0.008665771262985345,0.01532160338087056,0.015198702636395417,0.01532160338087055,0.255348612603066,0.407636588178133,0.4246891055203336,0.10950906359672061,0.058165242704812686,0.4800000000000002,0.4799999999999995,0.02000000000000006,0.020000000000000302
variance_suite_eta_grid,beta_mixture_4,variance_mirror_ascent,3.0,700,500,0.02,0.10148558758314846,0.09420036451982827,0.08836570751814449,0.00728522306332019,0.013119880065003971,0.013009502677843648,0.013119880065003961,0.21021506971205212,0.42277501314204796,0.4321174520019256,0.08993341861064982,0.055174116245376506,0.4800000000000002,0.4799999999999995,0.02000000000000006,0.020000000000000302
variance_suite_eta_grid,beta_mixture_4,variance_mirror_ascent,3.0,800,500,0.02,0.10148558758314846,0.0945295417651934,0.08726595325653054,0.006956045817955059,0.014219634326617926,0.014131237272041797,0.014219634326617927,0.2057313143710298,0.42822296088849343,0.42891138192599126,0.09222614907550386,0.050639508110011305,0.4800000000000002,0.4799999999999995,0.02000000000000006,0.020000000000000302
variance_suite_eta_grid,beta_mixture_4,variance_mirror_ascent,3.0,900,500,0.02,0.10148558758314846,0.09451311526243089,0.08935144584699495,0.006972472320717571,0.012134141736153502,0.011988185702587528,0.012134141736153492,0.18815692288642932,0.45115173908986866,0.4147697994669164,0.07485987088521844,0.059218590557996616,0.4800000000000002,0.4799999999999995,0.02000000000000006,0.020000000000000302
variance_suite_eta_grid,beta_mixture_4,variance_mirror_ascent,3.0,1000,500,0.02,0.10148558758314846,0.09404041896111254,0.08733020316388541,0.007445168622035925,0.014155384419263044,0.014074201159739619,0.014155384419263038,0.2096754674435797,0.40854664839851484,0.44661561787969495,0.08847723442432641,0.05636049929746376,0.4800000000000002,0.4799999999999995,0.02000000000000006,0.020000000000000302
variance_suite_eta_grid,beta_mixture_4,variance_if_ascent,3.0,100,500,0.02,0.10148558758314846,0.038789866843393056,0.031366980037723154,0.0626957207397554,0.0701186075454253,0.06966955871646485,0.0701186075454253,0.9022598095594188,0.8234513690354602,0.02887009522029035,0.1276785357442493,0.02,0.4800000000000002,0.4799999999999995,0.02000000000000006,0.020000000000000302
variance_suite_eta_grid,beta_mixture_4,variance_if_ascent,3.0,200,500,0.02,0.10148558758314846,0.05429928277471702,0.0440186485916269,0.047186304808431445,0.05746693899152156,0.05706220765194875,0.05746693899152161,0.7445699686205491,0.10771501568972558,0.5395816055549187,0.028757412583710226,0.32394596617164534,0.4800000000000002,0.4799999999999995,0.02000000000000006,0.020000000000000302
variance_suite_eta_grid,beta_mixture_4,variance_if_ascent,3.0,300,500,0.02,0.10148558758314846,0.09867081356299573,0.09387673669334369,0.0028147740201527327,0.007608850889804771,0.005120680650465892,0.007608850889804775,0.05660588763805195,0.45696520736755314,0.4747318488134206,0.02,0.048302943819026264,0.4800000000000002,0.4799999999999995,0.02000000000000006,0.020000000000000302
variance_suite_eta_grid,beta_mixture_4,variance_if_ascent,3.0,400,500,0.02,0.10148558758314846,0.04896132903562517,0.04448412247434894,0.052524258547523295,0.05700146510879952,0.05685087903920971,0.05700146510879951,0.8812001714976534,0.03939991425117344,0.5022889835594199,0.20089096278105711,0.25742013940834957,0.4800000000000002,0.4799999999999995,0.02000000000000006,0.020000000000000302
variance_suite_eta_grid,beta_mixture_4,variance_if_ascent,3.0,500,500,0.02,0.10148558758314846,0.09941714268296803,0.09620587866293182,0.002068444900180433,0.005279708920216654,0.004159645989248506,0.00527970892021665,0.05461336197409712,0.4526933190129517,0.48739713391695677,0.02,0.039909547070091554,0.4800000000000002,0.4799999999999995,0.02000000000000006,0.020000000000000302
variance_suite_eta_grid,beta_mixture_4,variance_if_ascent,3.0,600,500,0.02,0.10148558758314846,0.05821222054040298,0.057018999242989955,0.04327336704274548,0.0444665883401585,0.04414928126544948,0.04446658834015852,1.1821959747309687,0.02,0.34890201263451537,0.5815832128464932,0.049514774518991465,0.4800000000000002,0.4799999999999995,0.02000000000000006,0.020000000000000302
variance_suite_eta_grid,beta_mixture_4,variance_if_ascent,3.0,700,500,0.02,0.10148558758314846,0.05458369902876142,0.05073366737983655,0.04690188855438704,0.050751920203311915,0.05073971312037889,0.05075192020331194,1.5538578387753577,0.09381131214390112,0.08925976846841968,0.693925917552626,0.1230030018350533,0.4800000000000002,0.4799999999999995,0.02000000000000006,0.020000000000000302
variance_suite_eta_grid,beta_mixture_4,variance_if_ascent,3.0,800,500,0.02,0.10148558758314846,0.09581020573970436,0.0872221613473731,0.0056753818434440995,0.014263426235775374,0.012124388009144088,0.014263426235775358,0.19962756049049882,0.4431052952705367,0.41708092448421347,0.11594065325933602,0.02387312698591365,0.4800000000000002,0.4799999999999995,0.02000000000000006,0.020000000000000302
variance_suite_eta_grid,beta_mixture_4,variance_if_ascent,3.0,900,500,0.02,0.10148558758314846,0.04048143177560082,0.03918112444429194,0.061004155807547644,0.06230446313885653,0.06218321870893212,0.06230446313885649,0.9074582656207405,0.026270867189629888,0.5678343330971968,0.052198789140450653,0.35369601057272254,0.4800000000000002,0.4799999999999995,0.02000000000000006,0.020000000000000302
variance_suite_eta_grid,beta_mixture_4,variance_if_ascent,3.0,1000,500,0.02,0.10148558758314846,0.09472232871543695,0.08081548176474831,0.006763258867711508,0.020670105818400154,0.017828432033406505,0.02067010581840011,0.13240225924713267,0.42076425751481844,0.4730346128616149,0.02,0.08620112962356659,0.4800000000000002,0.4799999999999995,0.02000000000000006,0.020000000000000302
