experiment_name,instance_name,algorithm_name,seed,T,gamma,u_star,final_utility,mean_utility,final_avg_utility,final_gap,mean_gap,final_avg_weight_gap,final_time_avg_gap,final_cumulative_regret,l1_error_to_w_star,final_mc_bias_inf,final_mc_bias_l2,final_w_0,final_w_1,final_w_2,final_w_3,final_w_4,final_w_5,final_w_6,final_w_7,final_w_8,final_w_9,final_w_10,final_w_11,final_w_12,final_w_13,final_w_14,final_w_15,final_w_16,final_w_17,final_w_18,final_w_19,final_w_20,final_w_21,final_w_22,final_w_23,final_w_24,final_w_25,final_w_26,final_w_27,final_w_28,final_w_29,final_avg_w_0,final_avg_w_1,final_avg_w_2,final_avg_w_3,final_avg_w_4,final_avg_w_5,final_avg_w_6,final_avg_w_7,final_avg_w_8,final_avg_w_9,final_avg_w_10,final_avg_w_11,final_avg_w_12,final_avg_w_13,final_avg_w_14,final_avg_w_15,final_avg_w_16,final_avg_w_17,final_avg_w_18,final_avg_w_19,final_avg_w_20,final_avg_w_21,final_avg_w_22,final_avg_w_23,final_avg_w_24,final_avg_w_25,final_avg_w_26,final_avg_w_27,final_avg_w_28,final_avg_w_29,w_star_0,w_star_1,w_star_2,w_star_3,w_star_4,w_star_5,w_star_6,w_star_7,w_star_8,w_star_9,w_star_10,w_star_11,w_star_12,w_star_13,w_star_14,w_star_15,w_star_16,w_star_17,w_star_18,w_star_19,w_star_20,w_star_21,w_star_22,w_star_23,w_star_24,w_star_25,w_star_26,w_star_27,w_star_28,w_star_29
wasserstein_main_gamma_0001,gaussian_30,wasserstein_if_ascent_exact,100,500,0.001,-0.00709166894536976,-0.020106244670093337,-0.02306520542371346,-0.022892920070449272,0.013014575724723577,0.0159735364783437,0.01580125112507951,0.0159735364783437,7.98676823917185,1.7718582353990473,,,0.018400407679419712,0.022083356629880282,0.016269071914560316,0.019760777575097675,0.026054328159743338,0.01790442485045719,0.022937750694545272,0.02105361186371534,0.021937735963107226,0.02385129522809948,0.027107289116802574,0.030166908732826417,0.028365560310536105,0.048736387187880814,0.02996684011813522,0.03514658756667398,0.0467548227757579,0.0678312430239894,0.029591286705577636,0.05923874049340276,0.025170577558208947,0.0870754453726703,0.02355895955409638,0.04187825658960504,0.024030907398189173,0.09623493754891876,0.02598056760880618,0.017194075387826125,0.021017184036901584,0.02470066235456892,0.02114139455204032,0.024269658951164452,0.020231570544763135,0.022792167029634932,0.026031715829404313,0.023073078151351286,0.02451699809367711,0.022512652572831107,0.023789831270143127,0.02610507053001927,0.028259200333892762,0.028633839353439033,0.028164850587426318,0.04119049526496868,0.03045630447574811,0.03109209570229506,0.039853502295258164,0.05347905657781251,0.029213228666714795,0.045608698971866764,0.01867001629897421,0.06795683075197595,0.02853880742114136,0.04128608351263841,0.02835700458148715,0.10041850569846451,0.03600404054487405,0.01604706157357458,0.03695654176246312,0.035349698099955314,0.0009999999999999994,0.0009999999999999996,0.0009999999999999994,0.03662450463244266,0.0009999999999999994,0.001000000000000121,0.0010000000000000178,0.0009999999999999994,0.0009999999999999994,0.001000000000000005,0.0010000000000000135,0.0010000000000000037,0.001000000000000011,0.0010000000000000347,0.0010000000000000247,0.0010000000000000666,0.0010000000000000284,0.0009999999999999994,0.0009999999999999994,0.6455172777981242,0.2908582175694329,0.0009999999999999994,0.0009999999999999994,0.0010000000000000009,0.00100000000000002,0.001000000000000003,0.0009999999999999996,0.0009999999999999994,0.0009999999999999994,0.0009999999999999994
wasserstein_main_gamma_0001,gaussian_30,wasserstein_if_ascent_exact,200,500,0.001,-0.00709166894536976,-0.018636184959671377,-0.020574498704511533,-0.020391859481528194,0.011544516014301617,0.013482829759141775,0.013300190536158434,0.013482829759141769,6.741414879570884,1.7024804086838545,,,0.005648119614827742,0.01448347414568765,0.008669148015307306,0.026442750049867444,0.015933760182913478,0.021861394727906266,0.029801412356041414,0.025870111745008764,0.025717250237620386,0.03571271032027618,0.03102175002640339,0.023353745465884947,0.03872603606868779,0.03170358860728085,0.01845731114002292,0.059926156543520855,0.03650696918852423,0.04451939763035989,0.05093333403135925,0.04685813447298004,0.060317261935818725,0.07157671465795602,0.05601161377032674,0.03722463710742107,0.02969666976970077,0.06035614377203601,0.04406865522043465,0.013083717099968405,0.028398811947398808,0.00711922014845813,0.008281781000172664,0.017938402394773928,0.011080418880487327,0.028683735123142998,0.02333806398416269,0.023638768078268264,0.031699860678701786,0.02789912690633713,0.026958899923762783,0.03558044361774007,0.029903569992279454,0.021240506806095242,0.03736738931482049,0.030968067267905755,0.0185884035669862,0.05451881497059736,0.03290770333323459,0.042847913094290604,0.044340645594048864,0.041544829632574935,0.05153123090235453,0.05809253124023998,0.05066112109829637,0.04807291820058694,0.029783083330781456,0.061920715252568835,0.05063646200382385,0.021514288214081446,0.026463960466748506,0.011996345130135089,0.0009999999999999994,0.0009999999999999996,0.0009999999999999994,0.03662450463244266,0.0009999999999999994,0.001000000000000121,0.0010000000000000178,0.0009999999999999994,0.0009999999999999994,0.001000000000000005,0.0010000000000000135,0.0010000000000000037,0.001000000000000011,0.0010000000000000347,0.0010000000000000247,0.0010000000000000666,0.0010000000000000284,0.0009999999999999994,0.0009999999999999994,0.6455172777981242,0.2908582175694329,0.0009999999999999994,0.0009999999999999994,0.0010000000000000009,0.00100000000000002,0.001000000000000003,0.0009999999999999996,0.0009999999999999994,0.0009999999999999994,0.0009999999999999994
wasserstein_main_gamma_0001,gaussian_30,wasserstein_if_ascent_exact,300,500,0.001,-0.00709166894536976,-0.017455986496210524,-0.01915828438254252,-0.01909049393205439,0.010364317550840763,0.012066615437172757,0.011998824986684628,0.012066615437172756,6.033307718586378,1.5565763181959238,,,0.012456970740430309,0.019755143705178217,0.015215257875387671,0.008233412423837246,0.016213520484879423,0.015120978551979806,0.02261296134153716,0.02603958443681087,0.026566076799876406,0.028223580327125186,0.025992013806278465,0.039702699891405,0.02992739755389621,0.032494022463820826,0.04675746606937096,0.03569531093751156,0.04671733844554399,0.03893948238332621,0.043493077005702284,0.04490202643931881,0.1576154064493858,0.06304494872787422,0.020357018069409854,0.041154600954439964,0.02150718500756455,0.031088242884229848,0.03210285203521176,0.015772051230683027,0.013374809391789552,0.028924563566194873,0.017585654965536403,0.023619734790174627,0.017992171373448346,0.009584788793766936,0.01952269771525822,0.017537403430740707,0.025800351966221855,0.02719792215112573,0.02765124887904303,0.02747302624909443,0.024832168563305522,0.03849175600569263,0.029660115422558368,0.03308820199827008,0.042821988910850574,0.0349275668388165,0.04009442132437063,0.035388454343035086,0.03644669636576118,0.038569977700025224,0.14655707440824564,0.06197825500071393,0.023133876151463506,0.03581895032423983,0.02625820515970852,0.03359901573459366,0.03360028267123511,0.02332526366564547,0.015094383289637213,0.03234834580742114,0.0009999999999999994,0.0009999999999999996,0.0009999999999999994,0.03662450463244266,0.0009999999999999994,0.001000000000000121,0.0010000000000000178,0.0009999999999999994,0.0009999999999999994,0.001000000000000005,0.0010000000000000135,0.0010000000000000037,0.001000000000000011,0.0010000000000000347,0.0010000000000000247,0.0010000000000000666,0.0010000000000000284,0.0009999999999999994,0.0009999999999999994,0.6455172777981242,0.2908582175694329,0.0009999999999999994,0.0009999999999999994,0.0010000000000000009,0.00100000000000002,0.001000000000000003,0.0009999999999999996,0.0009999999999999994,0.0009999999999999994,0.0009999999999999994
wasserstein_main_gamma_0001,gaussian_30,wasserstein_if_ascent_exact,400,500,0.001,-0.00709166894536976,-0.020789674805610614,-0.023055629653733766,-0.02295021717504369,0.013698005860240853,0.01596396070836401,0.01585854822967393,0.015963960708364033,7.981980354182016,1.712601850301018,,,0.008577462218587037,0.01583490353463398,0.017154123517877026,0.019980078919048423,0.017476102971487762,0.004899421692695653,0.02572759698705446,0.026078428172949093,0.022182705942509845,0.03121468305461367,0.021408696974967042,0.030546689794255344,0.04333657311622376,0.018852900501347487,0.06375520130914215,0.05289262381533447,0.047951730476096,0.04534177364059238,0.035592731766604345,0.05955965163686526,0.04819641772691455,0.06059199406735397,0.03748331453452909,0.02341024238821187,0.027899641498050336,0.04108178884610632,0.02862984807773057,0.032500730693306445,0.03423375068316073,0.057608191441751014,0.012885122792206206,0.020876263088196585,0.022709764723192628,0.022759532845336432,0.021769317910779042,0.0059913041986465665,0.02769116700936527,0.028004828970377774,0.024262839007571334,0.03204485498291072,0.023433109441816004,0.03039738665713815,0.04245162117585004,0.016522780383586795,0.05877670807312831,0.04609829903385904,0.03718702687903155,0.039678330928361816,0.03412758316540205,0.050182056725631544,0.04375748527852271,0.0478024312106888,0.031966388801316574,0.03158805353840847,0.03902541460742655,0.041016201285663516,0.03183856754134961,0.032466746368857394,0.03348527906903156,0.06920353430634686,0.0009999999999999994,0.0009999999999999996,0.0009999999999999994,0.03662450463244266,0.0009999999999999994,0.001000000000000121,0.0010000000000000178,0.0009999999999999994,0.0009999999999999994,0.001000000000000005,0.0010000000000000135,0.0010000000000000037,0.001000000000000011,0.0010000000000000347,0.0010000000000000247,0.0010000000000000666,0.0010000000000000284,0.0009999999999999994,0.0009999999999999994,0.6455172777981242,0.2908582175694329,0.0009999999999999994,0.0009999999999999994,0.0010000000000000009,0.00100000000000002,0.001000000000000003,0.0009999999999999996,0.0009999999999999994,0.0009999999999999994,0.0009999999999999994
wasserstein_main_gamma_0001,gaussian_30,wasserstein_if_ascent_exact,500,500,0.001,-0.00709166894536976,-0.018310108421274736,-0.020961475021488422,-0.020720407005800277,0.011218439475904975,0.01386980607611866,0.013628738060430516,0.013869806076118648,6.934903038059324,1.650731190406436,,,0.016817571505604534,0.014250619498064741,0.02362076317670182,0.009939499980950452,0.01898178071033008,0.02156071005734747,0.023278412454576337,0.022055878541908356,0.019928788107751182,0.025007526549077487,0.03066358173759079,0.026719249526399445,0.04231734034295203,0.03402526924283246,0.02579402856510963,0.030365200678414427,0.04117226427928099,0.024560718082399093,0.05651388913871146,0.1044471781396902,0.0598950993579255,0.04505612685598533,0.06463704500306944,0.02987243175519315,0.07720682782622461,0.02919151452729792,0.010933572189946396,0.03692206623115135,0.008843295699358825,0.02542175023815454,0.02347019223091505,0.018862472133585953,0.027508946114829513,0.011541870734345464,0.021566574425557573,0.02405226484663896,0.028257061171338253,0.02513435383646324,0.023039889272616253,0.02602484756118178,0.029305188976132764,0.02791931629492278,0.04170854474604822,0.02920420372646364,0.02056954738041463,0.030068950252956684,0.03690517956129829,0.023103781115912415,0.049693621215041506,0.08586060234579557,0.05023193171664082,0.04522312458553591,0.05546617538498447,0.033501591251639054,0.07379671909812481,0.03036620607178859,0.01969743330271983,0.034887116275008505,0.028821694777511862,0.02421059959358771,0.0009999999999999994,0.0009999999999999996,0.0009999999999999994,0.03662450463244266,0.0009999999999999994,0.001000000000000121,0.0010000000000000178,0.0009999999999999994,0.0009999999999999994,0.001000000000000005,0.0010000000000000135,0.0010000000000000037,0.001000000000000011,0.0010000000000000347,0.0010000000000000247,0.0010000000000000666,0.0010000000000000284,0.0009999999999999994,0.0009999999999999994,0.6455172777981242,0.2908582175694329,0.0009999999999999994,0.0009999999999999994,0.0010000000000000009,0.00100000000000002,0.001000000000000003,0.0009999999999999996,0.0009999999999999994,0.0009999999999999994,0.0009999999999999994
wasserstein_main_gamma_0001,gaussian_30,wasserstein_if_ascent_exact,600,500,0.001,-0.00709166894536976,-0.020413815974382153,-0.021763105809635336,-0.021664117161674767,0.013322147029012393,0.014671436864265575,0.014572448216305007,0.01467143686426558,7.33571843213279,1.7185225903865566,,,0.01111291132824276,0.015555049642088026,0.006802613873029484,0.016400450444737893,0.022338150696842553,0.01683922189924942,0.011429985095849717,0.024401399983228326,0.027002671904198618,0.025003426434440205,0.018000534230311928,0.03126429451128645,0.08134657688961806,0.03600795531422516,0.03613208027196146,0.03960271158999508,0.0460924695103392,0.03875802562012893,0.045932393212173524,0.058907810795143775,0.046529373038937415,0.03651656323793991,0.028453972263054,0.012659320669992362,0.11499190201725093,0.006999984705061213,0.03806876509542785,0.0583298967534553,0.00811110413773118,0.040408384834059195,0.015785720014183633,0.018318446462284366,0.009621441731291577,0.019933061173922233,0.025343195881134747,0.018870538919591503,0.011910742852805386,0.02600281644450921,0.02814697108034243,0.02761444142419162,0.017998265129172266,0.03055123060576927,0.076748233233345,0.033109440862761456,0.032702120148363836,0.03919118430875317,0.03891218108787933,0.034816458208634646,0.042143680903543014,0.0516240823986784,0.04218156123412054,0.03410476889187588,0.026011261362603722,0.019137341888164416,0.12939468015813646,0.0040139395581961545,0.036125797662480884,0.05622198230481978,0.009111233861999734,0.04435318020644528,0.0009999999999999994,0.0009999999999999996,0.0009999999999999994,0.03662450463244266,0.0009999999999999994,0.001000000000000121,0.0010000000000000178,0.0009999999999999994,0.0009999999999999994,0.001000000000000005,0.0010000000000000135,0.0010000000000000037,0.001000000000000011,0.0010000000000000347,0.0010000000000000247,0.0010000000000000666,0.0010000000000000284,0.0009999999999999994,0.0009999999999999994,0.6455172777981242,0.2908582175694329,0.0009999999999999994,0.0009999999999999994,0.0010000000000000009,0.00100000000000002,0.001000000000000003,0.0009999999999999996,0.0009999999999999994,0.0009999999999999994,0.0009999999999999994
wasserstein_main_gamma_0001,gaussian_30,wasserstein_if_ascent_exact,700,500,0.001,-0.00709166894536976,-0.01831668155420889,-0.021707480313651335,-0.021494371214171956,0.011225012608839128,0.014615811368281576,0.014402702268802196,0.01461581136828158,7.30790568414079,1.6881941920203845,,,0.011248478563274123,0.022464564250105304,0.005612275437322174,0.02218852196644538,0.024453270890007275,0.018962287211211425,0.02673757272610256,0.014780522032291278,0.02779061008891298,0.027068207849580132,0.03354801705911893,0.03280647288830813,0.02479677941617817,0.04059774656810034,0.04098364560146386,0.03275911299195007,0.0253770963608261,0.04107858518739576,0.0841219402337481,0.0459176597257279,0.07913721248632391,0.03941794862445733,0.06938691458969756,0.056069994039032546,0.031666672177587396,0.026915049499062836,0.02475279665911685,0.034872420549030905,0.030199227012335086,0.004288397315285712,0.016796920845038237,0.025567160714920704,0.008696276567613324,0.02562138744309793,0.02946452842297677,0.023024624348983357,0.02841173953143407,0.015069794326747613,0.030276653000597963,0.028859160513686963,0.032564994886170456,0.031241206954579333,0.02580868716321017,0.035082738395180925,0.03598368605319687,0.03164732835938009,0.02450285483066044,0.037987009078583336,0.06490635106595055,0.044084184638254524,0.059197331908455005,0.03661495540206672,0.057194925914566305,0.04980271156196231,0.035290999990505965,0.03167411352279602,0.03187724862253478,0.036401118651056046,0.04228347163183587,0.024065835653957476,0.0009999999999999994,0.0009999999999999996,0.0009999999999999994,0.03662450463244266,0.0009999999999999994,0.001000000000000121,0.0010000000000000178,0.0009999999999999994,0.0009999999999999994,0.001000000000000005,0.0010000000000000135,0.0010000000000000037,0.001000000000000011,0.0010000000000000347,0.0010000000000000247,0.0010000000000000666,0.0010000000000000284,0.0009999999999999994,0.0009999999999999994,0.6455172777981242,0.2908582175694329,0.0009999999999999994,0.0009999999999999994,0.0010000000000000009,0.00100000000000002,0.001000000000000003,0.0009999999999999996,0.0009999999999999994,0.0009999999999999994,0.0009999999999999994
wasserstein_main_gamma_0001,gaussian_30,wasserstein_if_ascent_exact,800,500,0.001,-0.00709166894536976,-0.01854970262739409,-0.020928937446932732,-0.020755254548498647,0.011458033682024329,0.01383726850156297,0.013663585603128886,0.013837268501562978,6.918634250781489,1.7179284205381764,,,0.008404136382723498,0.013460811217074872,0.007596744510956032,0.013358741221849765,0.018850025243934653,0.016383385186146557,0.02414947303137778,0.02036700331599684,0.020488624837039063,0.028635999063492266,0.03287678244027342,0.04570086118757451,0.030619225422925438,0.03095480874449147,0.10382162948189508,0.009157943440016011,0.033632228022722976,0.036999432074616936,0.06665439068980167,0.04921294456854772,0.06924756169278336,0.04719878017271373,0.061403985253424775,0.045821237674019154,0.020810144327173593,0.04484136578674673,0.021746192650097262,0.017216382479709743,0.02180693206546951,0.038582227814405685,0.01306017287974757,0.016528753639749476,0.009797908034185086,0.01594865450114164,0.024111776413675765,0.0209578645866083,0.026727538331396065,0.022496403214500423,0.021387836687820364,0.029835311740932045,0.033212595507405816,0.042734764477220674,0.029388637984966944,0.031983784284539823,0.09826860344355257,0.009715922441560313,0.0292015702659493,0.034047764349329046,0.05230601378386908,0.03950149075920164,0.05858564447056808,0.043218674166617704,0.06011914162539186,0.04198566037378625,0.020383855762906418,0.04339991903605431,0.03921422427157664,0.023077388701923537,0.0261876157583908,0.04261450850543233,0.0009999999999999994,0.0009999999999999996,0.0009999999999999994,0.03662450463244266,0.0009999999999999994,0.001000000000000121,0.0010000000000000178,0.0009999999999999994,0.0009999999999999994,0.001000000000000005,0.0010000000000000135,0.0010000000000000037,0.001000000000000011,0.0010000000000000347,0.0010000000000000247,0.0010000000000000666,0.0010000000000000284,0.0009999999999999994,0.0009999999999999994,0.6455172777981242,0.2908582175694329,0.0009999999999999994,0.0009999999999999994,0.0010000000000000009,0.00100000000000002,0.001000000000000003,0.0009999999999999996,0.0009999999999999994,0.0009999999999999994,0.0009999999999999994
wasserstein_main_gamma_0001,gaussian_30,wasserstein_if_ascent_exact,900,500,0.001,-0.00709166894536976,-0.0186354429532382,-0.02049041737809289,-0.020410349149079843,0.011543774007868438,0.013398748432723128,0.013318680203710083,0.013398748432723123,6.699374216361561,1.7160379247618407,,,0.003601395855558463,0.009561297361817959,0.016841110005734686,0.020137886167881317,0.02302466414856437,0.019110218858887713,0.01689938776069728,0.021528034382386284,0.01994532620481247,0.024380842597619894,0.026569862138764336,0.02239311319850486,0.03611906434660467,0.03928945316844482,0.03163572840275928,0.029417948188320907,0.058944831906166804,0.07109810252156401,0.054028414715499934,0.04815456736619088,0.06271170680606586,0.009853734287048268,0.07379423252174558,0.059151250476907336,0.0544488079933889,0.036130830290210025,0.03788032973278931,0.03989483358517773,0.022042329970687776,0.011410695039198268,0.004543911316914881,0.013205441605049415,0.019516377368938166,0.022982995350949442,0.026339406011325485,0.022354578746079604,0.0222512650837648,0.024596209103325113,0.021236999401890642,0.02730433117926995,0.028983712333186716,0.028121779196167106,0.03350871966573094,0.03575491160500413,0.0270093968951328,0.03066671800782888,0.05446458192160451,0.06191118626329235,0.048829501647406674,0.04167146760638974,0.05032657466174028,0.010145333887140227,0.06534735813513534,0.05599045647206269,0.05429485346961124,0.04187324668811441,0.04010762622693738,0.04213473470381807,0.027092686275910185,0.017433639170279024,0.0009999999999999994,0.0009999999999999996,0.0009999999999999994,0.03662450463244266,0.0009999999999999994,0.001000000000000121,0.0010000000000000178,0.0009999999999999994,0.0009999999999999994,0.001000000000000005,0.0010000000000000135,0.0010000000000000037,0.001000000000000011,0.0010000000000000347,0.0010000000000000247,0.0010000000000000666,0.0010000000000000284,0.0009999999999999994,0.0009999999999999994,0.6455172777981242,0.2908582175694329,0.0009999999999999994,0.0009999999999999994,0.0010000000000000009,0.00100000000000002,0.001000000000000003,0.0009999999999999996,0.0009999999999999994,0.0009999999999999994,0.0009999999999999994
wasserstein_main_gamma_0001,gaussian_30,wasserstein_if_ascent_exact,1000,500,0.001,-0.00709166894536976,-0.018314939799994837,-0.02040377714607146,-0.020170568585374304,0.011223270854625076,0.013312108200701701,0.013078899640004544,0.013312108200701691,6.656054100350845,1.7413494285393403,,,0.013647815978196257,0.02048013451003879,0.007611767710797128,0.020031659679036456,0.01711933111624283,0.022410324626826537,0.00864157008525739,0.015468554436039202,0.013396253615866728,0.020377544349743117,0.024349049813304078,0.030133531862070413,0.03283923603473777,0.07980803963672717,0.009997981498089021,0.02167049164550903,0.10977763063389631,0.0592651725433852,0.039368634904476146,0.045904460137041476,0.04399005279277288,0.07173503967151125,0.03645554830109771,0.04384253514305842,0.04172233193880884,0.03459110389753871,0.039529774859083586,0.046092109473222856,0.00772221995232205,0.022020099153302587,0.016105906500921068,0.0254019914891371,0.011141539049832287,0.024998250471133177,0.020155183578186908,0.02519931767828981,0.010152513049433742,0.01923887332934402,0.01553037533355116,0.023382069348203964,0.024377447775841457,0.03152031490187235,0.033069900176180174,0.07794694346761759,0.011343847801040243,0.02092652549774007,0.09753296633119438,0.052185821265568255,0.036285224174002116,0.03758963172927035,0.039737403529926,0.06458930020645313,0.03207848118582177,0.04321454281999111,0.04784474700554651,0.03205808466874538,0.0391414768446217,0.043565371541721694,0.015538683752513148,0.028147265496299083,0.0009999999999999994,0.0009999999999999996,0.0009999999999999994,0.03662450463244266,0.0009999999999999994,0.001000000000000121,0.0010000000000000178,0.0009999999999999994,0.0009999999999999994,0.001000000000000005,0.0010000000000000135,0.0010000000000000037,0.001000000000000011,0.0010000000000000347,0.0010000000000000247,0.0010000000000000666,0.0010000000000000284,0.0009999999999999994,0.0009999999999999994,0.6455172777981242,0.2908582175694329,0.0009999999999999994,0.0009999999999999994,0.0010000000000000009,0.00100000000000002,0.001000000000000003,0.0009999999999999996,0.0009999999999999994,0.0009999999999999994,0.0009999999999999994
wasserstein_main_gamma_0001,gaussian_30,wasserstein_if_ascent_empirical,100,500,0.001,-0.00709166894536976,-0.016528026642457068,-0.021211213735317484,-0.020647018712244145,0.009436357697087307,0.014119544789947725,0.013555349766874385,0.014119544789947735,7.0597723949738675,1.6541433544980442,0.030618549037793243,0.06324926373442503,0.01745211143855582,0.018544165210447792,0.017106014235192885,0.01579357166091501,0.024749743266414576,0.01360615278557051,0.013484738500150459,0.01931366316385311,0.01895851580251956,0.015356772904941418,0.021602047272674427,0.036074148154448635,0.04727810247450974,0.03157230927742011,0.0382901263445927,0.060452643654262395,0.03891797517169833,0.05981355529172357,0.04686169034453152,0.06487021030844072,0.10992469907850543,0.07719001259815687,0.0012070314223336816,0.04802809546224633,0.05702928765612817,0.025365143626024395,0.013672488495284286,0.029894116440841643,0.016590867957615985,0.001,0.024083781383620568,0.023900005203151553,0.023615212846557647,0.02225223846477056,0.02791016954819312,0.023631897467865478,0.019249589814381074,0.02414580875039628,0.02163789706922393,0.01896317622086904,0.026637255746787915,0.040901987659795025,0.04281301083120022,0.03141322658268498,0.037761814108447284,0.04943132241676161,0.033083107579181724,0.04695070644664616,0.0411718725536966,0.048025400846580364,0.07565068343962673,0.06249660814879109,0.022621575975859076,0.03792199809914733,0.045797081427492316,0.03963465392145706,0.020206484150022273,0.030847194404023844,0.0360743272029694,0.001169911689799839,0.0009999999999999994,0.0009999999999999996,0.0009999999999999994,0.03662450463244266,0.0009999999999999994,0.001000000000000121,0.0010000000000000178,0.0009999999999999994,0.0009999999999999994,0.001000000000000005,0.0010000000000000135,0.0010000000000000037,0.001000000000000011,0.0010000000000000347,0.0010000000000000247,0.0010000000000000666,0.0010000000000000284,0.0009999999999999994,0.0009999999999999994,0.6455172777981242,0.2908582175694329,0.0009999999999999994,0.0009999999999999994,0.0010000000000000009,0.00100000000000002,0.001000000000000003,0.0009999999999999996,0.0009999999999999994,0.0009999999999999994,0.0009999999999999994
wasserstein_main_gamma_0001,gaussian_30,wasserstein_if_ascent_empirical,200,500,0.001,-0.00709166894536976,-0.018794510143367305,-0.022178595593773935,-0.02153360617217609,0.011702841197997544,0.015086926648404176,0.014441937226806329,0.015086926648404171,7.543463324202086,1.7194291829075081,0.039255612619113145,0.09237788561067159,0.006498036556481395,0.003232954531194214,0.019345991780480604,0.018166658094042273,0.014003206320610287,0.02102616605735814,0.03274362264476936,0.02598371018204962,0.03480808210956811,0.03083491726933462,0.02000399092882208,0.04275625768196928,0.03402028902879999,0.016654828402736445,0.019009442414579934,0.05523842494771774,0.031059562667205564,0.04079467274689539,0.04576968459017629,0.05205335357729759,0.06148901338694083,0.08468933054758336,0.06480656377106835,0.022584743881323074,0.054661066845006726,0.049611322705142756,0.0527633396318212,0.01580007072032167,0.02392997229128453,0.005660723687418813,0.014980124273026163,0.004090102014200011,0.025581598928720427,0.02242229365494388,0.021861518208003423,0.025830418671335408,0.03559797399140172,0.028415849740295682,0.03536834063015917,0.029897916551450236,0.019612032242240583,0.03659202347871594,0.031280165964714335,0.017349500713204527,0.019825816413975454,0.04362522803083954,0.027159658075943352,0.0344100055939502,0.04021253690291881,0.04282750875717804,0.048035606134123846,0.060958436104250675,0.06521178891821504,0.036707506215079864,0.044746652451398146,0.06145867137900977,0.06635289710510027,0.023524085040580546,0.02690729255869397,0.009156451256331027,0.0009999999999999994,0.0009999999999999996,0.0009999999999999994,0.03662450463244266,0.0009999999999999994,0.001000000000000121,0.0010000000000000178,0.0009999999999999994,0.0009999999999999994,0.001000000000000005,0.0010000000000000135,0.0010000000000000037,0.001000000000000011,0.0010000000000000347,0.0010000000000000247,0.0010000000000000666,0.0010000000000000284,0.0009999999999999994,0.0009999999999999994,0.6455172777981242,0.2908582175694329,0.0009999999999999994,0.0009999999999999994,0.0010000000000000009,0.00100000000000002,0.001000000000000003,0.0009999999999999996,0.0009999999999999994,0.0009999999999999994,0.0009999999999999994
wasserstein_main_gamma_0001,gaussian_30,wasserstein_if_ascent_empirical,300,500,0.001,-0.00709166894536976,-0.01858098437820972,-0.021315376004438467,-0.02107086496823337,0.011489315432839958,0.014223707059068705,0.01397919602286361,0.014223707059068698,7.111853529534349,1.7342959190989473,0.02644320452281792,0.0659623713047257,0.009682825082294146,0.015388244203110385,0.012259934058610552,0.004785764811998301,0.014779013721575274,0.012916234090197851,0.02648251065922548,0.028829574181107754,0.023326536224559016,0.03874308815628072,0.033744976955018734,0.03360779563985707,0.022931652976196204,0.03674143302839702,0.04032973958550762,0.048057093361293796,0.04041413683190742,0.044326569213106015,0.05334622953032932,0.05322322531601443,0.05608174187699834,0.08451139513668153,0.011873516919092124,0.060179030935059295,0.025245609635463923,0.06385217806043847,0.022045250620261227,0.0460276444935858,0.02187897185928791,0.014388082836544549,0.015306835648881792,0.024815640601077667,0.01542854219906995,0.0072257477103963505,0.019167439391429328,0.017026513451554218,0.03183844465187773,0.03161678777939191,0.024742068935715598,0.03680187012655462,0.03352326482308746,0.03369562883096907,0.02718913846333685,0.03489705361273669,0.03638279922829332,0.04107212963455332,0.04054476263950469,0.037397797032705626,0.042478876471270126,0.04305953453147748,0.05556675820865216,0.06374902440495249,0.01665629065439162,0.05672245216276959,0.026491163351945436,0.051362131540778164,0.034972836854219,0.04789662518232721,0.0350704731845648,0.017301368691515696,0.0009999999999999994,0.0009999999999999996,0.0009999999999999994,0.03662450463244266,0.0009999999999999994,0.001000000000000121,0.0010000000000000178,0.0009999999999999994,0.0009999999999999994,0.001000000000000005,0.0010000000000000135,0.0010000000000000037,0.001000000000000011,0.0010000000000000347,0.0010000000000000247,0.0010000000000000666,0.0010000000000000284,0.0009999999999999994,0.0009999999999999994,0.6455172777981242,0.2908582175694329,0.0009999999999999994,0.0009999999999999994,0.0010000000000000009,0.00100000000000002,0.001000000000000003,0.0009999999999999996,0.0009999999999999994,0.0009999999999999994,0.0009999999999999994
wasserstein_main_gamma_0001,gaussian_30,wasserstein_if_ascent_empirical,400,500,0.001,-0.00709166894536976,-0.018189955954372297,-0.021393624412324046,-0.021025650287684536,0.011098287009002537,0.014301955466954286,0.013933981342314775,0.01430195546695429,7.150977733477145,1.788277056564126,0.047388816508495635,0.06956895681563152,0.004662448452772001,0.013556009000045107,0.010523847418651555,0.0080382193461966,0.0190347014030657,0.011980561314105779,0.02171338541079845,0.018296620854927243,0.023485438685286464,0.036898792682629855,0.021817708726760695,0.02855227763905102,0.022910572002672547,0.04238113271118101,0.05930605256065891,0.054715889212902755,0.05838222603661283,0.06472627744864017,0.07060921489367943,0.03163123953780239,0.05098071983117361,0.06484342104497795,0.022742436309608836,0.02714580393458101,0.048447111906228905,0.03888602041327072,0.042233369076702054,0.04627479946324564,0.015917422425627804,0.01930628025614298,0.012138119925613235,0.022023193658205875,0.020335439008112945,0.01286524218283039,0.022958154019635538,0.018543897167826708,0.026167225591942823,0.020324248932897436,0.027572284614450833,0.03797415747014374,0.029149688084892628,0.03069296810460479,0.02410065937055654,0.04051337952659343,0.04943539698806555,0.046665542441799504,0.04538422534437875,0.054313512497116405,0.05775506384461031,0.0269411266781565,0.039055102856949964,0.044104761818964014,0.03740598006757785,0.04343807840625684,0.04036812369908009,0.03787006341516839,0.04090683346848979,0.04730930717584875,0.021936532767282725,0.02175169087194774,0.0009999999999999994,0.0009999999999999996,0.0009999999999999994,0.03662450463244266,0.0009999999999999994,0.001000000000000121,0.0010000000000000178,0.0009999999999999994,0.0009999999999999994,0.001000000000000005,0.0010000000000000135,0.0010000000000000037,0.001000000000000011,0.0010000000000000347,0.0010000000000000247,0.0010000000000000666,0.0010000000000000284,0.0009999999999999994,0.0009999999999999994,0.6455172777981242,0.2908582175694329,0.0009999999999999994,0.0009999999999999994,0.0010000000000000009,0.00100000000000002,0.001000000000000003,0.0009999999999999996,0.0009999999999999994,0.0009999999999999994,0.0009999999999999994
wasserstein_main_gamma_0001,gaussian_30,wasserstein_if_ascent_empirical,500,500,0.001,-0.00709166894536976,-0.017175760756880962,-0.020780867860660662,-0.020484687851516668,0.010084091811511202,0.013689198915290902,0.013393018906146907,0.013689198915290903,6.844599457645452,1.7140720428761607,0.04257068007557814,0.07887639369515648,0.012977294870305673,0.00840259169373217,0.02414594180780596,0.011061076525774151,0.01568507852645099,0.018344006684278998,0.02407711796018291,0.014314859167065179,0.016873899085709736,0.02583521250580159,0.01836684272277154,0.03896526584627987,0.03722641437799034,0.056504574114769335,0.04789112637157007,0.0298310421903299,0.059876242372140016,0.03100470064568374,0.04423041578671821,0.07618185295409383,0.059829666549606114,0.08175090076494868,0.03744904620913694,0.050495269789171085,0.038967654602865144,0.05444272203676768,0.024390460485313167,0.00846728961536149,0.013559275236817365,0.018852158500558144,0.02279977749185482,0.014706272121901573,0.030252698767606393,0.013127342346766832,0.018579326386978356,0.020348177373270892,0.027456705870845158,0.023123868619133337,0.016920290671181736,0.030045309048305425,0.0189874259546522,0.032885902525969825,0.03780578547343504,0.042718014659599186,0.039641712842930034,0.02688401613385368,0.05105515135171675,0.02557219231513515,0.03464056069363277,0.051326088378581367,0.051510547836571,0.0722493267992047,0.03363664169735069,0.05484797670777706,0.0457559561839611,0.0664451571853226,0.02244863344888467,0.0354059488169095,0.01947309737208861,0.019350094924579342,0.0009999999999999994,0.0009999999999999996,0.0009999999999999994,0.03662450463244266,0.0009999999999999994,0.001000000000000121,0.0010000000000000178,0.0009999999999999994,0.0009999999999999994,0.001000000000000005,0.0010000000000000135,0.0010000000000000037,0.001000000000000011,0.0010000000000000347,0.0010000000000000247,0.0010000000000000666,0.0010000000000000284,0.0009999999999999994,0.0009999999999999994,0.6455172777981242,0.2908582175694329,0.0009999999999999994,0.0009999999999999994,0.0010000000000000009,0.00100000000000002,0.001000000000000003,0.0009999999999999996,0.0009999999999999994,0.0009999999999999994,0.0009999999999999994
wasserstein_main_gamma_0001,gaussian_30,wasserstein_if_ascent_empirical,600,500,0.001,-0.00709166894536976,-0.01937763156272025,-0.02215755281323315,-0.02144217568113081,0.012285962617350491,0.015065883867863391,0.014350506735761048,0.015065883867863393,7.5329419339316965,1.7256032961077556,0.04725908588207065,0.060668321780296575,0.004496406701923986,0.004705625223960537,0.01964284178284219,0.015110698066913083,0.013125562018299513,0.02479817920240819,0.01337014735300288,0.022909252043403123,0.028854256497551606,0.021440274238141262,0.025297363044775364,0.04199169373092314,0.03467400592753883,0.047302732859638784,0.029996658911072793,0.039516843430096316,0.05718784477531381,0.0698818607456638,0.04243317157477433,0.054466338286215776,0.053673764131283254,0.06287793998232823,0.010442763944109035,0.025408529359797524,0.06926419332993704,0.001,0.039032058351685564,0.09533115579275543,0.01234721929238065,0.019420619401263862,0.010460874064530137,0.010071418140694953,0.023093299059748634,0.021437209765458706,0.017872390986151166,0.029871323872471843,0.018008127858019488,0.02662406171833049,0.030165104920124048,0.025967633374557528,0.029712521457881266,0.04115981981463054,0.03384453594219706,0.04211023120806809,0.030055080875397346,0.03515724535094594,0.05149770076216048,0.05575221688713707,0.0366807239050735,0.046172612348929165,0.04258852983173409,0.050435456660836826,0.020345862305652815,0.038456460798028835,0.06710910409323532,0.0017674392278438575,0.04404128075749924,0.07494583830943015,0.013251887152171507,0.03134400855106004,0.0009999999999999994,0.0009999999999999996,0.0009999999999999994,0.03662450463244266,0.0009999999999999994,0.001000000000000121,0.0010000000000000178,0.0009999999999999994,0.0009999999999999994,0.001000000000000005,0.0010000000000000135,0.0010000000000000037,0.001000000000000011,0.0010000000000000347,0.0010000000000000247,0.0010000000000000666,0.0010000000000000284,0.0009999999999999994,0.0009999999999999994,0.6455172777981242,0.2908582175694329,0.0009999999999999994,0.0009999999999999994,0.0010000000000000009,0.00100000000000002,0.001000000000000003,0.0009999999999999996,0.0009999999999999994,0.0009999999999999994,0.0009999999999999994
wasserstein_main_gamma_0001,gaussian_30,wasserstein_if_ascent_empirical,700,500,0.001,-0.00709166894536976,-0.015402785327989724,-0.020328744959640675,-0.019280534920816918,0.008311116382619964,0.013237076014270915,0.012188865975447157,0.013237076014270916,6.6185380071354585,1.7092049537347234,0.06541201970296512,0.09247255114616468,0.006362195912931752,0.01108667089908557,0.0048688189210054425,0.022951528632098105,0.02506579045954019,0.013328331366117661,0.016633809846518164,0.02689486502488891,0.018872149345205116,0.022283935032834008,0.01797878507239362,0.026769907932386757,0.04070132670969323,0.026543224766010124,0.0657313690885701,0.02855103236595797,0.0414107666837969,0.04310949545273225,0.09428409544485121,0.06021883234382642,0.048853087526901165,0.05852356033862362,0.10085619809185477,0.07078894609133556,0.022219568238979064,0.0454515167790464,0.022366056288660598,0.007539950556033486,0.008754184788121707,0.001,0.013305361330077934,0.017652539055031335,0.008117110873236721,0.028954858266098348,0.031200531090298855,0.019798125585397165,0.022406206569224787,0.028332563958434174,0.021960234358925957,0.02563060909571121,0.019106819900747973,0.025087371233983195,0.03639801594803924,0.02643992035357938,0.05075381644042219,0.027869458494996023,0.03888829601369328,0.03794836299024261,0.07093751668848049,0.05144852174264154,0.03799414312389811,0.05073090139218276,0.07897306478316664,0.06075686189288514,0.03349378411009279,0.05017570996904829,0.03484530869399435,0.00804814846517918,0.013798102496287684,0.02894773508400276,0.0009999999999999994,0.0009999999999999996,0.0009999999999999994,0.03662450463244266,0.0009999999999999994,0.001000000000000121,0.0010000000000000178,0.0009999999999999994,0.0009999999999999994,0.001000000000000005,0.0010000000000000135,0.0010000000000000037,0.001000000000000011,0.0010000000000000347,0.0010000000000000247,0.0010000000000000666,0.0010000000000000284,0.0009999999999999994,0.0009999999999999994,0.6455172777981242,0.2908582175694329,0.0009999999999999994,0.0009999999999999994,0.0010000000000000009,0.00100000000000002,0.001000000000000003,0.0009999999999999996,0.0009999999999999994,0.0009999999999999994,0.0009999999999999994
wasserstein_main_gamma_0001,gaussian_30,wasserstein_if_ascent_empirical,800,500,0.001,-0.00709166894536976,-0.01643237709419565,-0.020585442234309848,-0.02003550788797481,0.009340708148825889,0.013493773288940088,0.012943838942605049,0.013493773288940096,6.746886644470048,1.700641019203233,0.05338983591181183,0.09074334689949681,0.007764961492137954,0.01413889974875223,0.0030912461065670358,0.010012683710002072,0.012676114025263804,0.018631409402524328,0.0156706575054792,0.01465747756330383,0.03347013377767082,0.01930815610129075,0.05370966516048775,0.0373059886073731,0.042963455126170474,0.020747071424367602,0.04496023469947528,0.015061656676887502,0.046071319880229535,0.05407891655351185,0.09532588955391294,0.05795015436909415,0.07977389461043712,0.06255107185363648,0.051861668329467904,0.07493033544217574,0.018181540783524783,0.002226579741995119,0.037749415429221445,0.005592307315799639,0.01948891967247721,0.030048175336762413,0.013853308689365778,0.018546445694154205,0.005940751075285204,0.0138309471564087,0.018775975225945554,0.02780186440606309,0.01823422314007905,0.01837283884893088,0.03394672890484693,0.023289968221934312,0.05175502042326288,0.033235866517720467,0.03960716079761882,0.02277496639277486,0.04200457770921907,0.012766483756993725,0.03831822324712408,0.04341966273097306,0.06653954217550218,0.04056249701331012,0.06828604622866417,0.05666609856297321,0.04887835054090163,0.060894691795395375,0.02742832896256855,0.014689655964316485,0.05728232745470827,0.020168188457384,0.02304914285240308,0.039080117053172145,0.0009999999999999994,0.0009999999999999996,0.0009999999999999994,0.03662450463244266,0.0009999999999999994,0.001000000000000121,0.0010000000000000178,0.0009999999999999994,0.0009999999999999994,0.001000000000000005,0.0010000000000000135,0.0010000000000000037,0.001000000000000011,0.0010000000000000347,0.0010000000000000247,0.0010000000000000666,0.0010000000000000284,0.0009999999999999994,0.0009999999999999994,0.6455172777981242,0.2908582175694329,0.0009999999999999994,0.0009999999999999994,0.0010000000000000009,0.00100000000000002,0.001000000000000003,0.0009999999999999996,0.0009999999999999994,0.0009999999999999994,0.0009999999999999994
wasserstein_main_gamma_0001,gaussian_30,wasserstein_if_ascent_empirical,900,500,0.001,-0.00709166894536976,-0.016013778411128568,-0.019504439062973125,-0.019229275764516898,0.008922109465758808,0.012412770117603365,0.012137606819147138,0.012412770117603387,6.206385058801693,1.6094887641313544,0.047360152583402454,0.08194961101122408,0.006358951011879782,0.00625495824588628,0.012498560481789604,0.027027883583758756,0.017379319137958434,0.021748101780534792,0.009415053073217994,0.02461731585344874,0.023879532658438146,0.01898144303087809,0.0319187653516191,0.022797519056016482,0.02831518460339115,0.033537394749511916,0.04949961839009471,0.03484576070653342,0.06113486098464846,0.05027835386475889,0.04922480055664011,0.09441735890416468,0.08133808676310698,0.060735971201399355,0.047276087695255396,0.04769022683979936,0.01340282818371321,0.06460806855114502,0.02767766696949008,0.01327798465610694,0.0064426414160501716,0.013419701698764016,0.008636902075196693,0.011895885964605973,0.015054990601047494,0.030514767522800502,0.02189455906742358,0.025732797694673234,0.018260868879458988,0.028924424677048373,0.02733491343729287,0.023313038800965573,0.03568617553936232,0.03234507054260477,0.02705870462521982,0.03171142298524151,0.041981589664216,0.03881135497121421,0.05252547453956583,0.04279088309756336,0.043765130926498585,0.07468732117020069,0.06305352924132135,0.04731887927586403,0.04309962939211748,0.04201879745101246,0.014915130859968232,0.062149742016625764,0.03870428031310618,0.02102047062106348,0.016325275685622292,0.018467988361098264,0.0009999999999999994,0.0009999999999999996,0.0009999999999999994,0.03662450463244266,0.0009999999999999994,0.001000000000000121,0.0010000000000000178,0.0009999999999999994,0.0009999999999999994,0.001000000000000005,0.0010000000000000135,0.0010000000000000037,0.001000000000000011,0.0010000000000000347,0.0010000000000000247,0.0010000000000000666,0.0010000000000000284,0.0009999999999999994,0.0009999999999999994,0.6455172777981242,0.2908582175694329,0.0009999999999999994,0.0009999999999999994,0.0010000000000000009,0.00100000000000002,0.001000000000000003,0.0009999999999999996,0.0009999999999999994,0.0009999999999999994,0.0009999999999999994
wasserstein_main_gamma_0001,gaussian_30,wasserstein_if_ascent_empirical,1000,500,0.001,-0.00709166894536976,-0.016674582279483027,-0.020011093119654436,-0.019652725576245342,0.009582913334113267,0.01291942417428468,0.012561056630875582,0.012919424174284672,6.459712087142337,1.7226840828761103,0.2370760568250134,0.24194110846496072,0.017468448230784507,0.014432131834005131,0.0060448170690880635,0.01433207450651307,0.01791944034793546,0.010974582217948859,0.01631094506429905,0.017882849827138902,0.011453647676095103,0.01517405929717525,0.03517887552945692,0.038699026021415214,0.03284087532581824,0.028072206225622526,0.03676472807394628,0.05217539215154292,0.055324229749858976,0.07853119596359841,0.05390780636479855,0.06824279719186613,0.05071265721709234,0.07088060249342443,0.04366768283726814,0.04683027717725232,0.03898602714108915,0.03334760613866069,0.04842393992461981,0.027643902512268403,0.002067457201572256,0.015709718687845015,0.020729598311865133,0.021279451139768753,0.011476065124961791,0.021932206858964447,0.023557757662755075,0.014745993993421273,0.019715312502001293,0.02400667303179782,0.01652068452232396,0.016727627207762403,0.038747651451202285,0.03862454720016246,0.03482409207718752,0.024136865177264342,0.033016683038581934,0.0438020761964033,0.050210415135586425,0.06227427625400092,0.04524314839494423,0.04775059369719932,0.04197515800578096,0.05563406881878766,0.04992661227531832,0.042653414358603106,0.047276481721148664,0.03651915681162013,0.04685218844993201,0.04376210746924259,0.006364182380121769,0.019714910731290176,0.0009999999999999994,0.0009999999999999996,0.0009999999999999994,0.03662450463244266,0.0009999999999999994,0.001000000000000121,0.0010000000000000178,0.0009999999999999994,0.0009999999999999994,0.001000000000000005,0.0010000000000000135,0.0010000000000000037,0.001000000000000011,0.0010000000000000347,0.0010000000000000247,0.0010000000000000666,0.0010000000000000284,0.0009999999999999994,0.0009999999999999994,0.6455172777981242,0.2908582175694329,0.0009999999999999994,0.0009999999999999994,0.0010000000000000009,0.00100000000000002,0.001000000000000003,0.0009999999999999996,0.0009999999999999994,0.0009999999999999994,0.0009999999999999994
