experiment_name,instance_name,algorithm_name,seed,T,gamma,u_star,final_utility,mean_utility,final_gap,mean_gap,final_avg_weight_gap,final_time_avg_gap,l1_error_to_w_star,final_w_0,final_w_1,final_w_2,final_w_3,w_star_0,w_star_1,w_star_2,w_star_3
variance_suite,beta_mixture_4,variance_mirror_ascent,100,2000,0.02,0.10148558758314846,0.08973941890281995,0.08434029646410873,0.011746168680328517,0.017145291119039723,0.017138061323707404,0.01714529111903976,0.3293307052327128,0.3991182362316466,0.39621641115199674,0.1217152208604625,0.08295013175589433,0.4800000000000002,0.4799999999999995,0.02000000000000006,0.020000000000000302
variance_suite,beta_mixture_4,variance_mirror_ascent,200,2000,0.02,0.10148558758314846,0.08968845433761696,0.08347945636169368,0.0117971332455315,0.018006131221454776,0.017990829397485725,0.018006131221454814,0.3283462992509313,0.4103999187876766,0.3854269315868575,0.12071185387768744,0.08346129574777862,0.4800000000000002,0.4799999999999995,0.02000000000000006,0.020000000000000302
variance_suite,beta_mixture_4,variance_mirror_ascent,300,2000,0.02,0.10148558758314846,0.08827388490556232,0.08188826722392341,0.013211702677586146,0.01959732035922505,0.019594758010241298,0.019597320359225026,0.37759938324968034,0.38103734371207204,0.3901629646630875,0.1426064955690045,0.086193196055836,0.4800000000000002,0.4799999999999995,0.02000000000000006,0.020000000000000302
variance_suite,beta_mixture_4,variance_mirror_ascent,400,2000,0.02,0.10148558758314846,0.09001426833654319,0.08445023533268628,0.011471319246605272,0.01703535225046218,0.017010882734098065,0.017035352250462196,0.32541385572907633,0.39778009924142327,0.3995129728940382,0.1235729546814388,0.07913397318309966,0.4800000000000002,0.4799999999999995,0.02000000000000006,0.020000000000000302
variance_suite,beta_mixture_4,variance_mirror_ascent,500,2000,0.02,0.10148558758314846,0.0904354889429464,0.08449079193458746,0.011050098640202066,0.016994795648560986,0.016975322690286065,0.01699479564856095,0.3231385239769537,0.39818488933143437,0.4002458486800885,0.13061884614905064,0.0709504158394266,0.4800000000000002,0.4799999999999995,0.02000000000000006,0.020000000000000302
variance_suite,beta_mixture_4,variance_mirror_ascent,600,2000,0.02,0.10148558758314846,0.08843468094089235,0.0823548595027741,0.01305090664225611,0.019130728080374363,0.019121688761363664,0.01913072808037438,0.371888866330404,0.3862414967822172,0.3878140700525805,0.13970072300036696,0.08624371016483545,0.4800000000000002,0.4799999999999995,0.02000000000000006,0.020000000000000302
variance_suite,beta_mixture_4,variance_mirror_ascent,700,2000,0.02,0.10148558758314846,0.09004348269785148,0.0840784559387945,0.011442104885296983,0.01740713164435398,0.017378965443589356,0.01740713164435399,0.32121676518790193,0.4044444455603644,0.39494717184568434,0.11971131460432596,0.0808970679896254,0.4800000000000002,0.4799999999999995,0.02000000000000006,0.020000000000000302
variance_suite,beta_mixture_4,variance_mirror_ascent,800,2000,0.02,0.10148558758314846,0.08994896972543051,0.0841834885420779,0.011536617857717951,0.017302099041070582,0.017280858680757682,0.017302099041070534,0.33051194812153867,0.4058483775967542,0.3888956483424762,0.12838464437885466,0.07687132968191507,0.4800000000000002,0.4799999999999995,0.02000000000000006,0.020000000000000302
variance_suite,beta_mixture_4,variance_mirror_ascent,900,2000,0.02,0.10148558758314846,0.09058065663938522,0.08492506095118649,0.010904930943763241,0.016560526631961992,0.016540955410513203,0.016560526631961985,0.30967482956802944,0.4046614160443437,0.4005011691716413,0.11885655951770602,0.0759808552663091,0.4800000000000002,0.4799999999999995,0.02000000000000006,0.020000000000000302
variance_suite,beta_mixture_4,variance_mirror_ascent,1000,2000,0.02,0.10148558758314846,0.0894911580367066,0.08342144467683343,0.011994429546441865,0.018064142906315035,0.018051034493401952,0.018064142906315025,0.334029846753222,0.3861695699681671,0.40681550665522165,0.1221856843847323,0.08482923899187908,0.4800000000000002,0.4799999999999995,0.02000000000000006,0.020000000000000302
variance_suite,beta_mixture_4,variance_mirror_ascent,1100,2000,0.02,0.10148558758314846,0.09049394428885138,0.08428685744368651,0.010991643294297082,0.017198730139461955,0.017194224896234206,0.017198730139461896,0.31196554679147903,0.3990197645169207,0.4049974620873394,0.11948759647297211,0.07649517692276772,0.4800000000000002,0.4799999999999995,0.02000000000000006,0.020000000000000302
variance_suite,beta_mixture_4,variance_mirror_ascent,1200,2000,0.02,0.10148558758314846,0.08973080693198518,0.08396714902515112,0.011754780651163282,0.01751843855799735,0.01751401330041269,0.017518438557997347,0.3293271482368501,0.39944950728758855,0.3958869185939861,0.12152382762696827,0.08313974649145717,0.4800000000000002,0.4799999999999995,0.02000000000000006,0.020000000000000302
variance_suite,beta_mixture_4,variance_mirror_ascent,1300,2000,0.02,0.10148558758314846,0.08956640942471344,0.08379831328688406,0.011919178158435018,0.01768727429626441,0.017663542260098947,0.017687274296264377,0.338113912714861,0.38541725571367746,0.40552578792889177,0.1284339496888782,0.08062300666855272,0.4800000000000002,0.4799999999999995,0.02000000000000006,0.020000000000000302
variance_suite,beta_mixture_4,variance_mirror_ascent,1400,2000,0.02,0.10148558758314846,0.08930940195096965,0.08359657053435138,0.012176185632178815,0.01788901704879709,0.01788499064193308,0.017889017048797064,0.3460277618841651,0.4018937533969931,0.38509236566092403,0.131202757980896,0.08181112296118691,0.4800000000000002,0.4799999999999995,0.02000000000000006,0.020000000000000302
variance_suite,beta_mixture_4,variance_mirror_ascent,1500,2000,0.02,0.10148558758314846,0.08979270419677565,0.0841316308254763,0.01169288338637281,0.017353956757672158,0.017344851300582997,0.017353956757672144,0.33259644926768867,0.3965586933701731,0.39714308199598225,0.12657397113041088,0.07972425350343375,0.4800000000000002,0.4799999999999995,0.02000000000000006,0.020000000000000302
variance_suite,beta_mixture_4,variance_mirror_ascent,1600,2000,0.02,0.10148558758314846,0.09100144646129063,0.08540957220738622,0.010484141121857832,0.016076015375762254,0.016058247260165248,0.016076015375762233,0.2983004541873071,0.41589704801521493,0.39495272489113115,0.11655191090915709,0.07259831618449676,0.4800000000000002,0.4799999999999995,0.02000000000000006,0.020000000000000302
variance_suite,beta_mixture_4,variance_mirror_ascent,1700,2000,0.02,0.10148558758314846,0.09092681086022855,0.08526382009333845,0.01055877672291991,0.016221767489810014,0.016211555978310976,0.016221767489810003,0.30080566185141244,0.4095506675451416,0.4000465015291519,0.1169466591990974,0.07345617172660919,0.4800000000000002,0.4799999999999995,0.02000000000000006,0.020000000000000302
variance_suite,beta_mixture_4,variance_mirror_ascent,1800,2000,0.02,0.10148558758314846,0.08935500776842387,0.08301760851956834,0.012130579814724596,0.01846797906358012,0.01845846309222149,0.018467979063580126,0.346317728623035,0.3931768296466199,0.39366430604186226,0.1319884709355361,0.08117039337598173,0.4800000000000002,0.4799999999999995,0.02000000000000006,0.020000000000000302
variance_suite,beta_mixture_4,variance_mirror_ascent,1900,2000,0.02,0.10148558758314846,0.08981991656777466,0.08413239701918465,0.011665671015373802,0.017353190563963814,0.017346168105936144,0.01735319056396381,0.32675111490042624,0.3929137795260451,0.4037106630237414,0.12087822265027273,0.08249733479994072,0.4800000000000002,0.4799999999999995,0.02000000000000006,0.020000000000000302
variance_suite,beta_mixture_4,variance_mirror_ascent,2000,2000,0.02,0.10148558758314846,0.0882553764634923,0.08203370006494959,0.013230211119656166,0.019451887518198874,0.019405468358837163,0.0194518875181989,0.37239706292829583,0.38575972094006633,0.3880417475957854,0.1361919676959809,0.09000656376816736,0.4800000000000002,0.4799999999999995,0.02000000000000006,0.020000000000000302
variance_suite,beta_mixture_4,variance_mirror_ascent,2100,2000,0.02,0.10148558758314846,0.09060722482592437,0.08462361342214027,0.010878362757224092,0.01686197416100819,0.016837883370606987,0.016861974161008205,0.30041432884109565,0.3967668820601547,0.41302595351929716,0.1095851900919979,0.0806219743285503,0.4800000000000002,0.4799999999999995,0.02000000000000006,0.020000000000000302
variance_suite,beta_mixture_4,variance_mirror_ascent,2200,2000,0.02,0.10148558758314846,0.09010313684156818,0.08431009181866331,0.011382450741580286,0.017175495764485158,0.0170811652738653,0.017175495764485165,0.3205751556614558,0.38879384917467896,0.4109185729945928,0.12116929870728713,0.07911827912344108,0.4800000000000002,0.4799999999999995,0.02000000000000006,0.020000000000000302
variance_suite,beta_mixture_4,variance_mirror_ascent,2300,2000,0.02,0.10148558758314846,0.0911943364046901,0.08537324063284385,0.01029125117845836,0.016112346950304605,0.01610771495745217,0.016112346950304602,0.29576092142064736,0.40842293487579295,0.403696604413883,0.1172446909887282,0.07063576972159578,0.4800000000000002,0.4799999999999995,0.02000000000000006,0.020000000000000302
variance_suite,beta_mixture_4,variance_mirror_ascent,2400,2000,0.02,0.10148558758314846,0.0892522064575112,0.08322362997257565,0.012233381125637266,0.018261957610572806,0.0182568535304157,0.018261957610572803,0.350670607850981,0.3883371514055561,0.3963275446689531,0.13465778441294643,0.08067751951254437,0.4800000000000002,0.4799999999999995,0.02000000000000006,0.020000000000000302
variance_suite,beta_mixture_4,variance_mirror_ascent,2500,2000,0.02,0.10148558758314846,0.08864724971300642,0.0822377708072763,0.012838337870142047,0.019247816775872145,0.019234572621695256,0.019247816775872114,0.3648741739703811,0.3812719551519667,0.39629095786284246,0.13713495893770797,0.08530212804748295,0.4800000000000002,0.4799999999999995,0.02000000000000006,0.020000000000000302
variance_suite,beta_mixture_4,variance_mirror_ascent,2600,2000,0.02,0.10148558758314846,0.09016345546853977,0.083694327964821,0.011322132114608696,0.017791259618327466,0.01778614499537398,0.017791259618327455,0.3243883504369611,0.39510499914841574,0.40270082563310333,0.1259334192016963,0.07626075601678459,0.4800000000000002,0.4799999999999995,0.02000000000000006,0.020000000000000302
variance_suite,beta_mixture_4,variance_mirror_ascent,2700,2000,0.02,0.10148558758314846,0.09026927619971642,0.08470580419001025,0.011216311383432043,0.01677978339313821,0.016772818695751174,0.01677978339313821,0.3176539614816764,0.40839590280225374,0.3927771164569077,0.12117491408427525,0.07765206665656325,0.4800000000000002,0.4799999999999995,0.02000000000000006,0.020000000000000302
variance_suite,beta_mixture_4,variance_mirror_ascent,2800,2000,0.02,0.10148558758314846,0.09058260676611007,0.08490349097305028,0.010902980817038388,0.016582096610098174,0.01657556647426625,0.01658209661009817,0.31053113688133444,0.4064960334796761,0.39823839807965633,0.11996538703117722,0.07530018140949035,0.4800000000000002,0.4799999999999995,0.02000000000000006,0.020000000000000302
variance_suite,beta_mixture_4,variance_mirror_ascent,2900,2000,0.02,0.10148558758314846,0.09070763690565758,0.08530389732729492,0.010777950677490877,0.01618169025585354,0.016164038149034665,0.016181690255853514,0.29837186545751093,0.40160710418186035,0.4092069630893838,0.10915879035149333,0.08002714237726247,0.4800000000000002,0.4799999999999995,0.02000000000000006,0.020000000000000302
variance_suite,beta_mixture_4,variance_mirror_ascent,3000,2000,0.02,0.10148558758314846,0.09041523023019779,0.08492999682171289,0.011070357352950672,0.016555590761435566,0.0165501503246121,0.01655559076143557,0.30861692599219637,0.4056743690249081,0.4000171679789934,0.11393250657110668,0.08037595642499183,0.4800000000000002,0.4799999999999995,0.02000000000000006,0.020000000000000302
variance_suite,beta_mixture_4,variance_mirror_ascent,3100,2000,0.02,0.10148558758314846,0.09053693792041717,0.08506460012011366,0.010948649662731291,0.016420987463034813,0.01638315442752797,0.016420987463034796,0.3182574317632485,0.4035630932305414,0.3973081908878341,0.1275283849711584,0.07160033091046625,0.4800000000000002,0.4799999999999995,0.02000000000000006,0.020000000000000302
variance_suite,beta_mixture_4,variance_mirror_ascent,3200,2000,0.02,0.10148558758314846,0.08999186648130059,0.08439314019758672,0.011493721101847876,0.017092447385561746,0.017086535708741468,0.01709244738556177,0.3227782683551576,0.39821339569795017,0.40039747012447063,0.12011126071727007,0.08127787346030901,0.4800000000000002,0.4799999999999995,0.02000000000000006,0.020000000000000302
variance_suite,beta_mixture_4,variance_mirror_ascent,3300,2000,0.02,0.10148558758314846,0.090049759173839,0.08415863469727032,0.011435828409309456,0.01732695288587816,0.01731211455553372,0.017326952885878166,0.32073224218064694,0.40853729186859156,0.39109658704108463,0.11974968466343844,0.08061643642688537,0.4800000000000002,0.4799999999999995,0.02000000000000006,0.020000000000000302
variance_suite,beta_mixture_4,variance_mirror_ascent,3400,2000,0.02,0.10148558758314846,0.09080608618057368,0.08511209066496193,0.010679501402574787,0.016373496918186525,0.01636048340791646,0.016373496918186535,0.30206764413764886,0.40172940209183733,0.4072367758393378,0.11548877319727442,0.07554504887155027,0.4800000000000002,0.4799999999999995,0.02000000000000006,0.020000000000000302
variance_suite,beta_mixture_4,variance_mirror_ascent,3500,2000,0.02,0.10148558758314846,0.0889532223829369,0.08293731597696558,0.01253236520021156,0.018548271606182883,0.018544770319729897,0.018548271606182908,0.3562798307119548,0.3883398512839342,0.393520233360088,0.13406084971210439,0.08407906564387332,0.4800000000000002,0.4799999999999995,0.02000000000000006,0.020000000000000302
variance_suite,beta_mixture_4,variance_mirror_ascent,3600,2000,0.02,0.10148558758314846,0.09140216909501331,0.08565393446548357,0.010083418488135154,0.01583165311766489,0.01582641501218976,0.0158316531176649,0.2841170071685598,0.41511408923685783,0.40282740717886195,0.10918703995661079,0.07287146362766946,0.4800000000000002,0.4799999999999995,0.02000000000000006,0.020000000000000302
variance_suite,beta_mixture_4,variance_mirror_ascent,3700,2000,0.02,0.10148558758314846,0.08976498718061315,0.0834186283148604,0.011720600402535308,0.01806695926828806,0.018059761343356295,0.01806695926828804,0.3292127506520806,0.39425407286106035,0.401139551812899,0.12224528522943,0.08236109009661063,0.4800000000000002,0.4799999999999995,0.02000000000000006,0.020000000000000302
variance_suite,beta_mixture_4,variance_mirror_ascent,3800,2000,0.02,0.10148558758314846,0.08968240543649725,0.08394067853386786,0.011803182146651214,0.017544909049280615,0.017539277151110255,0.01754490904928061,0.3366449151825223,0.3941331266751383,0.39754441573360016,0.12862395507074748,0.07969850252051396,0.4800000000000002,0.4799999999999995,0.02000000000000006,0.020000000000000302
variance_suite,beta_mixture_4,variance_mirror_ascent,3900,2000,0.02,0.10148558758314846,0.08924541887699833,0.08373518345872939,0.012240168706150134,0.017750404124419063,0.017739332672976227,0.01775040412441907,0.34840557828939384,0.3929934135290273,0.3928037973262755,0.13183278843111312,0.0823700007135842,0.4800000000000002,0.4799999999999995,0.02000000000000006,0.020000000000000302
variance_suite,beta_mixture_4,variance_mirror_ascent,4000,2000,0.02,0.10148558758314846,0.09063523914000798,0.08476940922456604,0.010850348443140478,0.016716178358582422,0.016710013102891608,0.01671617835858242,0.3118545471622851,0.40033842501730227,0.40373430140155475,0.12253191323581426,0.07339536034532852,0.4800000000000002,0.4799999999999995,0.02000000000000006,0.020000000000000302
variance_suite,beta_mixture_4,variance_mirror_ascent,4100,2000,0.02,0.10148558758314846,0.09019593923268124,0.08414510088093169,0.011289648350467224,0.017340486702216787,0.017319928952099717,0.01734048670221682,0.3146826721932778,0.40171333942813,0.4009453244752308,0.11567413426860859,0.08166720182803061,0.4800000000000002,0.4799999999999995,0.02000000000000006,0.020000000000000302
variance_suite,beta_mixture_4,variance_mirror_ascent,4200,2000,0.02,0.10148558758314846,0.09006992171661427,0.08420447051131279,0.011415665866534197,0.01728111707183567,0.017274285574007037,0.017281117071835644,0.3190458220644323,0.41025189407644624,0.39022519489133733,0.11851673342196414,0.08100617761025244,0.4800000000000002,0.4799999999999995,0.02000000000000006,0.020000000000000302
variance_suite,beta_mixture_4,variance_mirror_ascent,4300,2000,0.02,0.10148558758314846,0.08955580986240302,0.083696668007838,0.011929777720745438,0.01778891957531047,0.01778383415627055,0.017788919575310477,0.33090801129191905,0.3933389268673981,0.4012070674866421,0.11941115806072237,0.08604284758523748,0.4800000000000002,0.4799999999999995,0.02000000000000006,0.020000000000000302
variance_suite,beta_mixture_4,variance_mirror_ascent,4400,2000,0.02,0.10148558758314846,0.08865519264551724,0.08222971714560962,0.012830394937631218,0.019255870437538854,0.019247176069949412,0.019255870437538854,0.36790707109417226,0.3981847457966705,0.3778617186562431,0.14110068503585477,0.08285285051123176,0.4800000000000002,0.4799999999999995,0.02000000000000006,0.020000000000000302
variance_suite,beta_mixture_4,variance_mirror_ascent,4500,2000,0.02,0.10148558758314846,0.08840679547923275,0.08229008348477626,0.013078792103915715,0.019195504098372194,0.019180018066316695,0.01919550409837224,0.37721269582149647,0.3876698763056757,0.3837237757835757,0.14506154868954135,0.08354479922120718,0.4800000000000002,0.4799999999999995,0.02000000000000006,0.020000000000000302
variance_suite,beta_mixture_4,variance_mirror_ascent,4600,2000,0.02,0.10148558758314846,0.0894115566249441,0.08331672019147306,0.012074030958204363,0.01816886739167541,0.01815469634757061,0.018168867391675378,0.34477024851581983,0.3928381188523551,0.3947767568897347,0.13154869217201579,0.08083643208589446,0.4800000000000002,0.4799999999999995,0.02000000000000006,0.020000000000000302
variance_suite,beta_mixture_4,variance_mirror_ascent,4700,2000,0.02,0.10148558758314846,0.08994478404994094,0.0845635149818313,0.011540803533207522,0.016922072601317152,0.016908465133306683,0.016922072601317173,0.329911650789617,0.3990871651850882,0.3959570094201029,0.12704716918200804,0.07790865621280073,0.4800000000000002,0.4799999999999995,0.02000000000000006,0.020000000000000302
variance_suite,beta_mixture_4,variance_mirror_ascent,4800,2000,0.02,0.10148558758314846,0.08854019778750538,0.0819330752842678,0.01294538979564308,0.01955251229888067,0.019549228781956973,0.019552512298880637,0.3726971620791971,0.3830776107336677,0.39057380822673343,0.14312055925523803,0.0832280217843609,0.4800000000000002,0.4799999999999995,0.02000000000000006,0.020000000000000302
variance_suite,beta_mixture_4,variance_mirror_ascent,4900,2000,0.02,0.10148558758314846,0.09117544819135068,0.084795880380298,0.010310139391797785,0.01668970720285047,0.016676076025649467,0.01668970720285044,0.28972722109040333,0.4088943130114964,0.40624207644330157,0.11001802864294874,0.0748455819022533,0.4800000000000002,0.4799999999999995,0.02000000000000006,0.020000000000000302
variance_suite,beta_mixture_4,variance_mirror_ascent,5000,2000,0.02,0.10148558758314846,0.08958424022060324,0.08355646044169832,0.011901347362545223,0.017929127141450143,0.017925390267770652,0.017929127141450146,0.33913707990984754,0.3942912943214939,0.396140165723582,0.12916536683440266,0.08040317312052149,0.4800000000000002,0.4799999999999995,0.02000000000000006,0.020000000000000302
variance_suite,beta_mixture_4,variance_mirror_ascent,5100,2000,0.02,0.10148558758314846,0.09003935895444473,0.084264396589053,0.01144622862870373,0.01722119099409546,0.017203529213939417,0.017221190994095453,0.325564137427498,0.4012828316483113,0.3959350996379394,0.12436543140461832,0.078416637309131,0.4800000000000002,0.4799999999999995,0.02000000000000006,0.020000000000000302
variance_suite,beta_mixture_4,variance_mirror_ascent,5200,2000,0.02,0.10148558758314846,0.09086747072013229,0.08501531293871571,0.01061811686301617,0.016470274644432757,0.01645303624316674,0.016470274644432726,0.30324255595261235,0.4001188252698999,0.4082598967537936,0.11827799101921307,0.0733432869570934,0.4800000000000002,0.4799999999999995,0.02000000000000006,0.020000000000000302
variance_suite,beta_mixture_4,variance_mirror_ascent,5300,2000,0.02,0.10148558758314846,0.09069739505040014,0.08517305001273984,0.01078819253274832,0.016312537570408625,0.016303027925299973,0.016312537570408597,0.3053366375491603,0.40568639987765553,0.40164528134776395,0.11664956474533994,0.0760187540292405,0.4800000000000002,0.4799999999999995,0.02000000000000006,0.020000000000000302
variance_suite,beta_mixture_4,variance_mirror_ascent,5400,2000,0.02,0.10148558758314846,0.09034723302562242,0.08469844368483687,0.011138354557526042,0.0167871438983116,0.01675831429090696,0.016787143898311613,0.3132557814100934,0.40782566264744047,0.3955464466475125,0.11782831148376821,0.07879957922127884,0.4800000000000002,0.4799999999999995,0.02000000000000006,0.020000000000000302
variance_suite,beta_mixture_4,variance_mirror_ascent,5500,2000,0.02,0.10148558758314846,0.09135379682100603,0.08619996516594142,0.010131790762142434,0.015285622417207042,0.015225655875549027,0.015285622417207037,0.2888618086925703,0.39614626839610406,0.41942282725761054,0.11420636908483342,0.07022453526145213,0.4800000000000002,0.4799999999999995,0.02000000000000006,0.020000000000000302
variance_suite,beta_mixture_4,variance_mirror_ascent,5600,2000,0.02,0.10148558758314846,0.0887411113985318,0.08276793091538909,0.01274447618461666,0.01871765666775937,0.01870974401825054,0.018717656667759357,0.3592161520823707,0.3810379046321341,0.39935401932668024,0.13315439154043412,0.08645368450075155,0.4800000000000002,0.4799999999999995,0.02000000000000006,0.020000000000000302
variance_suite,beta_mixture_4,variance_mirror_ascent,5700,2000,0.02,0.10148558758314846,0.09031386736761324,0.08474437311192343,0.011171720215535225,0.016741214471225032,0.016736798892267868,0.016741214471225042,0.3112261525363271,0.40765914167783845,0.39672778205399756,0.11472853817458395,0.08088453809357987,0.4800000000000002,0.4799999999999995,0.02000000000000006,0.020000000000000302
variance_suite,beta_mixture_4,variance_mirror_ascent,5800,2000,0.02,0.10148558758314846,0.08848705986254385,0.0820801143459704,0.012998527720604613,0.019405473237178065,0.019399374843772854,0.01940547323717808,0.36601835096174595,0.3869329902240723,0.39005783429505436,0.13432665335962285,0.08868252212125048,0.4800000000000002,0.4799999999999995,0.02000000000000006,0.020000000000000302
variance_suite,beta_mixture_4,variance_mirror_ascent,5900,2000,0.02,0.10148558758314846,0.0895996027500564,0.0837812853640954,0.011885984833092056,0.01770430221905306,0.017697134904215706,0.017704302219053024,0.34241766204237234,0.38842815130854236,0.40036301767027116,0.13347851612271466,0.07773031489847188,0.4800000000000002,0.4799999999999995,0.02000000000000006,0.020000000000000302
variance_suite,beta_mixture_4,variance_mirror_ascent,6000,2000,0.02,0.10148558758314846,0.08911790532055364,0.08256795856298665,0.012367682262594826,0.018917629020161805,0.018898261147139328,0.01891762902016181,0.34971722201600103,0.38780923412421375,0.39733215486778534,0.13058477645737118,0.0842738345506296,0.4800000000000002,0.4799999999999995,0.02000000000000006,0.020000000000000302
variance_suite,beta_mixture_4,variance_mirror_ascent,6100,2000,0.02,0.10148558758314846,0.0898221933621074,0.08356261959003008,0.011663394221041068,0.017922967993118374,0.017909526440954587,0.017922967993118367,0.32567893357756084,0.39857934904460807,0.39858118416661115,0.11948896625601116,0.08335050053276959,0.4800000000000002,0.4799999999999995,0.02000000000000006,0.020000000000000302
variance_suite,beta_mixture_4,variance_mirror_ascent,6200,2000,0.02,0.10148558758314846,0.09044682477611377,0.0846139802502757,0.011038762807034697,0.016871607332872768,0.01685416967322706,0.01687160733287277,0.3108929080773015,0.4047381452035893,0.39981540075775956,0.11718808927132167,0.07825836476732942,0.4800000000000002,0.4799999999999995,0.02000000000000006,0.020000000000000302
variance_suite,beta_mixture_4,variance_mirror_ascent,6300,2000,0.02,0.10148558758314846,0.09023711053666511,0.08453509007270958,0.011248477046483352,0.016950497510438884,0.016939851798750682,0.01695049751043886,0.3180885462494516,0.3938908403792482,0.4070648864960257,0.12078521192712412,0.078259061197602,0.4800000000000002,0.4799999999999995,0.02000000000000006,0.020000000000000302
variance_suite,beta_mixture_4,variance_mirror_ascent,6400,2000,0.02,0.10148558758314846,0.09039568964000025,0.08425404655773243,0.011089897943148214,0.01723154102541604,0.01722214130774588,0.017231541025416013,0.3124461450809001,0.40597646385579267,0.3978004636037569,0.11785221047268925,0.07837086206776109,0.4800000000000002,0.4799999999999995,0.02000000000000006,0.020000000000000302
variance_suite,beta_mixture_4,variance_mirror_ascent,6500,2000,0.02,0.10148558758314846,0.08979747302102059,0.08395378046926859,0.011688114562127871,0.01753180711387987,0.01751761902358867,0.01753180711387984,0.3288111266456954,0.3968988350394406,0.39869560163771134,0.12244436280613713,0.08196120051671094,0.4800000000000002,0.4799999999999995,0.02000000000000006,0.020000000000000302
variance_suite,beta_mixture_4,variance_mirror_ascent,6600,2000,0.02,0.10148558758314846,0.09153402826207996,0.08600666265123323,0.009951559321068504,0.01547892493191524,0.015455765933522908,0.015478924931915236,0.2792593675055855,0.4039676066596277,0.4164027095875792,0.10675157621051846,0.07287810754227464,0.4800000000000002,0.4799999999999995,0.02000000000000006,0.020000000000000302
variance_suite,beta_mixture_4,variance_mirror_ascent,6700,2000,0.02,0.10148558758314846,0.09035199420148604,0.08461524531565687,0.011133593381662421,0.01687034226749159,0.01686023351311916,0.01687034226749162,0.31994814866680793,0.3951897802918392,0.4048361453747565,0.1253219838655472,0.0746520904678571,0.4800000000000002,0.4799999999999995,0.02000000000000006,0.020000000000000302
variance_suite,beta_mixture_4,variance_mirror_ascent,6800,2000,0.02,0.10148558758314846,0.09050542380865445,0.08454387614417364,0.010980163774494012,0.016941711438974816,0.016927870027070913,0.01694171143897478,0.30478319559292444,0.39682733623067307,0.4107810659728644,0.11202203129764612,0.08036956649881644,0.4800000000000002,0.4799999999999995,0.02000000000000006,0.020000000000000302
variance_suite,beta_mixture_4,variance_mirror_ascent,6900,2000,0.02,0.10148558758314846,0.08993711568959681,0.08412198181568661,0.011548471893551654,0.017363605767461855,0.01733750613573884,0.01736360576746188,0.3348654208409699,0.4030720094705279,0.3894952801089868,0.13278451389677978,0.07464819652370548,0.4800000000000002,0.4799999999999995,0.02000000000000006,0.020000000000000302
variance_suite,beta_mixture_4,variance_mirror_ascent,7000,2000,0.02,0.10148558758314846,0.0890256165226393,0.08278922514332951,0.012459971060509167,0.01869636243981896,0.01868979961366357,0.018696362439818995,0.3442576897954914,0.3804833660698803,0.4073877890323737,0.1236593310340045,0.08846951386374159,0.4800000000000002,0.4799999999999995,0.02000000000000006,0.020000000000000302
variance_suite,beta_mixture_4,variance_mirror_ascent,7100,2000,0.02,0.10148558758314846,0.08998068273385612,0.08444090653185238,0.011504904849292341,0.01704468105129608,0.01703501933054047,0.017044681051296088,0.3230976279610684,0.39947594894752797,0.3989752370719375,0.12020532475355947,0.08134348922697507,0.4800000000000002,0.4799999999999995,0.02000000000000006,0.020000000000000302
variance_suite,beta_mixture_4,variance_mirror_ascent,7200,2000,0.02,0.10148558758314846,0.09071682843095996,0.08503216995708293,0.0107687591521885,0.016453417626065538,0.01644203638527733,0.016453417626065517,0.30498848796538275,0.40588927064403924,0.401616485373269,0.11670581284862128,0.07578843113407036,0.4800000000000002,0.4799999999999995,0.02000000000000006,0.020000000000000302
variance_suite,beta_mixture_4,variance_mirror_ascent,7300,2000,0.02,0.10148558758314846,0.08924263940608734,0.08382164897975906,0.01224294817706112,0.017663938603389405,0.017651951574639668,0.017663938603389398,0.35271899390427325,0.397740946117906,0.38589955692995703,0.13689310634596266,0.0794663906061743,0.4800000000000002,0.4799999999999995,0.02000000000000006,0.020000000000000302
variance_suite,beta_mixture_4,variance_mirror_ascent,7400,2000,0.02,0.10148558758314846,0.09054967140452541,0.08476464388845727,0.01093591617862305,0.016720943694691185,0.016705879410146618,0.016720943694691185,0.31182567837366615,0.40303106715714876,0.4010560936560178,0.12053485785134282,0.07537798133549059,0.4800000000000002,0.4799999999999995,0.02000000000000006,0.020000000000000302
variance_suite,beta_mixture_4,variance_mirror_ascent,7500,2000,0.02,0.10148558758314846,0.09050824853656061,0.08488491490264884,0.010977339046587847,0.01660067268049964,0.01659372323892558,0.016600672680499605,0.31409376086362883,0.40307476007971593,0.39987835948846934,0.12214728728521694,0.07489959314659785,0.4800000000000002,0.4799999999999995,0.02000000000000006,0.020000000000000302
variance_suite,beta_mixture_4,variance_mirror_ascent,7600,2000,0.02,0.10148558758314846,0.09051171329925911,0.08438346763125598,0.010973874283889351,0.017102119951892474,0.017081660860642556,0.01710211995189245,0.31229651226385585,0.4049082976445791,0.3989434462234927,0.12026310304037964,0.07588515309154863,0.4800000000000002,0.4799999999999995,0.02000000000000006,0.020000000000000302
variance_suite,beta_mixture_4,variance_mirror_ascent,7700,2000,0.02,0.10148558758314846,0.09038966216888566,0.08418545363620612,0.011095925414262797,0.017300133946942332,0.01729225743617116,0.01730013394694234,0.31499028817910435,0.3952198722832014,0.40728498362724613,0.12072881801471082,0.07676632607484174,0.4800000000000002,0.4799999999999995,0.02000000000000006,0.020000000000000302
variance_suite,beta_mixture_4,variance_mirror_ascent,7800,2000,0.02,0.10148558758314846,0.09062803497614275,0.08538488113874096,0.010857552607005716,0.016100706444407496,0.016073018249061155,0.016100706444407503,0.30042671044457847,0.3900411403371237,0.41974550444058667,0.11133996474935927,0.0788733904729303,0.4800000000000002,0.4799999999999995,0.02000000000000006,0.020000000000000302
variance_suite,beta_mixture_4,variance_mirror_ascent,7900,2000,0.02,0.10148558758314846,0.09021308650376492,0.08386556091838224,0.011272501079383546,0.017620026664766215,0.017581809946007387,0.017620026664766236,0.3186256737392188,0.39545666364260235,0.40523049948778794,0.12068027506744582,0.07863256180216396,0.4800000000000002,0.4799999999999995,0.02000000000000006,0.020000000000000302
variance_suite,beta_mixture_4,variance_mirror_ascent,8000,2000,0.02,0.10148558758314846,0.08899353037179791,0.08269200665560411,0.012492057211350549,0.018793580927544344,0.018779106239566246,0.018793580927544355,0.35876414551198144,0.3981962200970092,0.3824217071469997,0.13821951773747418,0.08116255501851685,0.4800000000000002,0.4799999999999995,0.02000000000000006,0.020000000000000302
variance_suite,beta_mixture_4,variance_mirror_ascent,8100,2000,0.02,0.10148558758314846,0.08924503628000965,0.08325739592656063,0.012240551303138808,0.018228191656587837,0.01822351620154622,0.01822819165658785,0.34958420288514147,0.39590531498566917,0.38930258357175973,0.13323486012606756,0.08155724131650349,0.4800000000000002,0.4799999999999995,0.02000000000000006,0.020000000000000302
variance_suite,beta_mixture_4,variance_mirror_ascent,8200,2000,0.02,0.10148558758314846,0.09042724785570644,0.08499639458300418,0.011058339727442024,0.016489193000144283,0.016481603428363523,0.0164891930001443,0.3082137932531002,0.40243114449296286,0.40346195888048675,0.11369081430281233,0.08041608232373816,0.4800000000000002,0.4799999999999995,0.02000000000000006,0.020000000000000302
variance_suite,beta_mixture_4,variance_mirror_ascent,8300,2000,0.02,0.10148558758314846,0.08945914204728822,0.08400709103081022,0.012026445535860242,0.01747849655233825,0.017474322215618565,0.017478496552338216,0.3506763403318222,0.388319717512307,0.39634211232178157,0.1393787951078566,0.07595937505805485,0.4800000000000002,0.4799999999999995,0.02000000000000006,0.020000000000000302
variance_suite,beta_mixture_4,variance_mirror_ascent,8400,2000,0.02,0.10148558758314846,0.08870874135682183,0.0825018597266794,0.012776846226326632,0.01898372785646907,0.018979051043147455,0.018983727856469065,0.36077507486262383,0.37953971894295646,0.40007274362573125,0.13434151338345374,0.08604602404785851,0.4800000000000002,0.4799999999999995,0.02000000000000006,0.020000000000000302
variance_suite,beta_mixture_4,variance_mirror_ascent,8500,2000,0.02,0.10148558758314846,0.09061395479594936,0.08477287767930844,0.010871632787199104,0.016712709903840033,0.01670845948096661,0.01671270990383999,0.30473684032337384,0.3970346520006686,0.4105969278376442,0.11442007086007625,0.07794834930161107,0.4800000000000002,0.4799999999999995,0.02000000000000006,0.020000000000000302
variance_suite,beta_mixture_4,variance_mirror_ascent,8600,2000,0.02,0.10148558758314846,0.0903683235383142,0.08452058160700662,0.011117264044834263,0.01696500597614184,0.016959020057192076,0.01696500597614187,0.30590115934473794,0.4037920356139042,0.4032573847137265,0.1097541038357957,0.08319647583657361,0.4800000000000002,0.4799999999999995,0.02000000000000006,0.020000000000000302
variance_suite,beta_mixture_4,variance_mirror_ascent,8700,2000,0.02,0.10148558758314846,0.08927153125655451,0.0835078156248627,0.012214056326593947,0.017977771958285753,0.017967959113411536,0.017977771958285753,0.352783424466574,0.39161557033836164,0.39199271742835107,0.13733628249407578,0.07905542973921158,0.4800000000000002,0.4799999999999995,0.02000000000000006,0.020000000000000302
variance_suite,beta_mixture_4,variance_mirror_ascent,8800,2000,0.02,0.10148558758314846,0.08964001834079682,0.08373749874554119,0.011845569242351639,0.017748088837607277,0.01773128767613258,0.01774808883760727,0.3361555453163857,0.39586500315608286,0.396057224185724,0.12708600391312938,0.08099176874506382,0.4800000000000002,0.4799999999999995,0.02000000000000006,0.020000000000000302
variance_suite,beta_mixture_4,variance_mirror_ascent,8900,2000,0.02,0.10148558758314846,0.0905231113918793,0.08488894819283978,0.010962476191269166,0.016596639390308688,0.016588067592288647,0.016596639390308646,0.3095073301296846,0.3999355755729303,0.405310759362227,0.11738175339806817,0.07737191166677446,0.4800000000000002,0.4799999999999995,0.02000000000000006,0.020000000000000302
variance_suite,beta_mixture_4,variance_mirror_ascent,9000,2000,0.02,0.10148558758314846,0.08880775460457427,0.08287554065346336,0.012677832978574194,0.018610046929685112,0.01857880992584754,0.018610046929685143,0.3589869764632123,0.3953551431529708,0.3851513686154227,0.13394112695846558,0.08555236127314093,0.4800000000000002,0.4799999999999995,0.02000000000000006,0.020000000000000302
variance_suite,beta_mixture_4,variance_mirror_ascent,9100,2000,0.02,0.10148558758314846,0.08947611968717509,0.08330183585905422,0.012009467895973375,0.018183751724094248,0.018145286704397523,0.018183751724094224,0.3411809748458303,0.3947079843367908,0.39470152824029375,0.12898725364572117,0.08160323377719436,0.4800000000000002,0.4799999999999995,0.02000000000000006,0.020000000000000302
variance_suite,beta_mixture_4,variance_mirror_ascent,9200,2000,0.02,0.10148558758314846,0.08930840188085504,0.08347001856578348,0.012177185702293425,0.018015569017364983,0.018011327246383768,0.018015569017364945,0.34293952231538305,0.3931071556667693,0.39542308317553887,0.12714971459359412,0.08432004656409779,0.4800000000000002,0.4799999999999995,0.02000000000000006,0.020000000000000302
variance_suite,beta_mixture_4,variance_mirror_ascent,9300,2000,0.02,0.10148558758314846,0.08873091651383053,0.08248387279104573,0.012754671069317935,0.019001714792102734,0.018979102833746292,0.019001714792102734,0.36996809132068004,0.3808062614555323,0.3942096928841273,0.14465793175170918,0.08032611390863116,0.4800000000000002,0.4799999999999995,0.02000000000000006,0.020000000000000302
variance_suite,beta_mixture_4,variance_mirror_ascent,9400,2000,0.02,0.10148558758314846,0.0895234500452397,0.08397897680446437,0.011962137537908757,0.017506610778684106,0.01748658887654958,0.01750661077868412,0.3357555371285913,0.40395616813912727,0.3881660632965768,0.12449338859938977,0.08338437996490626,0.4800000000000002,0.4799999999999995,0.02000000000000006,0.020000000000000302
variance_suite,beta_mixture_4,variance_mirror_ascent,9500,2000,0.02,0.10148558758314846,0.09113604421076443,0.08540551866721156,0.010349543372384029,0.0160800689159369,0.01606975612102801,0.016080068915936916,0.29380494461086326,0.402276644641722,0.41082088305284603,0.11382772435267233,0.07307474795275964,0.4800000000000002,0.4799999999999995,0.02000000000000006,0.020000000000000302
variance_suite,beta_mixture_4,variance_mirror_ascent,9600,2000,0.02,0.10148558758314846,0.08994466892597491,0.08444679722753165,0.011540918657173549,0.017038790355616805,0.017022885502776697,0.017038790355616854,0.32218176567316037,0.39230705486408635,0.4066020622993331,0.1187765322187864,0.0823143506177941,0.4800000000000002,0.4799999999999995,0.02000000000000006,0.020000000000000302
variance_suite,beta_mixture_4,variance_mirror_ascent,9700,2000,0.02,0.10148558758314846,0.0900899544932578,0.08366279299242751,0.011395633089890667,0.017822794590720954,0.01780274034650209,0.017822794590720954,0.31871524758094094,0.4022769401940237,0.3983654360155055,0.11781156536737582,0.08154605842309497,0.4800000000000002,0.4799999999999995,0.02000000000000006,0.020000000000000302
variance_suite,beta_mixture_4,variance_mirror_ascent,9800,2000,0.02,0.10148558758314846,0.09055949261234086,0.08495678089045171,0.010926094970807598,0.016528806692696744,0.016507416015631715,0.016528806692696733,0.31517826737233534,0.3996801961628226,0.40273067015100944,0.12452860654922708,0.07306052713694096,0.4800000000000002,0.4799999999999995,0.02000000000000006,0.020000000000000302
variance_suite,beta_mixture_4,variance_mirror_ascent,9900,2000,0.02,0.10148558758314846,0.09020163779339047,0.08468019983980324,0.011283949789757997,0.016805387743345227,0.016796897115371023,0.01680538774334522,0.31425677401411406,0.3942001809916337,0.40867143200130895,0.1157545084977935,0.08137387850926386,0.4800000000000002,0.4799999999999995,0.02000000000000006,0.020000000000000302
variance_suite,beta_mixture_4,variance_mirror_ascent,10000,2000,0.02,0.10148558758314846,0.08901425718463163,0.08333114910789269,0.012471330398516833,0.018154438475255778,0.01814854289607326,0.01815443847525581,0.3552059012248153,0.38730430820484724,0.39509274118274484,0.13431632192959067,0.0832866286828174,0.4800000000000002,0.4799999999999995,0.02000000000000006,0.020000000000000302
variance_suite,beta_mixture_4,variance_if_ascent,100,2000,0.02,0.10148558758314846,0.09666570973659402,0.09515715614592707,0.004819877846554438,0.0063284314372213735,0.006286544753039386,0.0063284314372213804,0.1528858524483615,0.44607726023378225,0.4374798135420367,0.08178289240581409,0.03466003381836701,0.4800000000000002,0.4799999999999995,0.02000000000000006,0.020000000000000302
variance_suite,beta_mixture_4,variance_if_ascent,200,2000,0.02,0.10148558758314846,0.08890621443321362,0.0804816461082431,0.012579373149934847,0.021003941474905356,0.020911763235482328,0.02100394147490537,0.3202513913052324,0.3974497476202307,0.40242455672715277,0.09259031046109766,0.10753538519151887,0.4800000000000002,0.4799999999999995,0.02000000000000006,0.020000000000000302
variance_suite,beta_mixture_4,variance_if_ascent,300,2000,0.02,0.10148558758314846,0.09136834633539281,0.08599441370862476,0.010117241247755648,0.015491173874523693,0.015252373296906263,0.015491173874523714,0.2729849838970931,0.40468759148501404,0.418819916566439,0.09603523134379359,0.08045726060475321,0.4800000000000002,0.4799999999999995,0.02000000000000006,0.020000000000000302
variance_suite,beta_mixture_4,variance_if_ascent,400,2000,0.02,0.10148558758314846,0.05710561062700492,0.05438317455809405,0.04437997695614354,0.04710241302505442,0.04707410372580878,0.047102413025054427,1.3756922969955792,0.0607687907034077,0.21138506079880234,0.5980704102354206,0.12977573826236932,0.4800000000000002,0.4799999999999995,0.02000000000000006,0.020000000000000302
variance_suite,beta_mixture_4,variance_if_ascent,500,2000,0.02,0.10148558758314846,0.09384747273606164,0.08949550761307543,0.007638114847086819,0.011990079970073024,0.01179360515903688,0.011990079970073004,0.2126703102485223,0.42122782361942324,0.4324370212563154,0.08472682157340514,0.06160833355085643,0.4800000000000002,0.4799999999999995,0.02000000000000006,0.020000000000000302
variance_suite,beta_mixture_4,variance_if_ascent,600,2000,0.02,0.10148558758314846,0.0834303848086681,0.07549547442543987,0.01805520277448036,0.025990113157708595,0.025782074562920088,0.025990113157708626,0.5152272329510637,0.31266030512439885,0.389726078400069,0.1985968457251646,0.09901677075036752,0.4800000000000002,0.4799999999999995,0.02000000000000006,0.020000000000000302
variance_suite,beta_mixture_4,variance_if_ascent,700,2000,0.02,0.10148558758314846,0.08121719221647428,0.07269031545695176,0.020268395366674186,0.028795272126196703,0.02877538894011794,0.02879527212619668,0.5860984688609903,0.3202545038524396,0.34669626171706497,0.2169049933824522,0.11614424104804326,0.4800000000000002,0.4799999999999995,0.02000000000000006,0.020000000000000302
variance_suite,beta_mixture_4,variance_if_ascent,800,2000,0.02,0.10148558758314846,0.09238265266839024,0.08776797148291028,0.00910293491475822,0.013717616100238183,0.013683799946901137,0.013717616100238179,0.2560080984423871,0.43096777098246847,0.40102817979633765,0.10153233168493825,0.06647171753625565,0.4800000000000002,0.4799999999999995,0.02000000000000006,0.020000000000000302
variance_suite,beta_mixture_4,variance_if_ascent,900,2000,0.02,0.10148558758314846,0.0854659326583776,0.07541282028275993,0.016019654924770865,0.02607276730038853,0.02576208869376856,0.02607276730038849,0.42367697112738023,0.35205398920315023,0.3961075252331593,0.13411807932867292,0.11772040623501755,0.4800000000000002,0.4799999999999995,0.02000000000000006,0.020000000000000302
variance_suite,beta_mixture_4,variance_if_ascent,1000,2000,0.02,0.10148558758314846,0.09174098470435732,0.0854238824944204,0.009744602878791142,0.016061705088728062,0.01578536552621529,0.016061705088728086,0.24613588097954467,0.41643352318500615,0.4204985363252212,0.07404400919394392,0.08902393129582878,0.4800000000000002,0.4799999999999995,0.02000000000000006,0.020000000000000302
variance_suite,beta_mixture_4,variance_if_ascent,1100,2000,0.02,0.10148558758314846,0.07114998949104162,0.062255859256668086,0.03033559809210684,0.03922972832648037,0.03907714022942477,0.03922972832648032,0.6597422552675029,0.18430585026542862,0.4458230221008196,0.20893552527155876,0.16093560236219298,0.4800000000000002,0.4799999999999995,0.02000000000000006,0.020000000000000302
variance_suite,beta_mixture_4,variance_if_ascent,1200,2000,0.02,0.10148558758314846,0.09066992243382033,0.08461355946638187,0.010815665149328135,0.0168720281167666,0.016666388329056703,0.016872028116766608,0.28581682002850994,0.3973969679849225,0.4196946220008222,0.0951236957899728,0.08778471422428256,0.4800000000000002,0.4799999999999995,0.02000000000000006,0.020000000000000302
variance_suite,beta_mixture_4,variance_if_ascent,1300,2000,0.02,0.10148558758314846,0.08324997246686239,0.07638565580488595,0.018235615116286075,0.025099931778262516,0.025079881454496522,0.025099931778262512,0.5572387326312332,0.30325026100169883,0.37813037268268423,0.2409104464821513,0.07770891983346573,0.4800000000000002,0.4799999999999995,0.02000000000000006,0.020000000000000302
variance_suite,beta_mixture_4,variance_if_ascent,1400,2000,0.02,0.10148558758314846,0.08893537024601317,0.0811403322043817,0.012550217337135294,0.020345255378766747,0.020298195746937142,0.02034525537876671,0.32980509186881096,0.3887848202000985,0.4063126338654957,0.10454521478907906,0.10035733114532681,0.4800000000000002,0.4799999999999995,0.02000000000000006,0.020000000000000302
variance_suite,beta_mixture_4,variance_if_ascent,1500,2000,0.02,0.10148558758314846,0.08832611124870765,0.08035240249766883,0.013159476334440812,0.021133185085479636,0.020750618948233546,0.021133185085479664,0.34444616367017045,0.37166523996771195,0.41611167819720246,0.11050333223033115,0.1017197496047544,0.4800000000000002,0.4799999999999995,0.02000000000000006,0.020000000000000302
variance_suite,beta_mixture_4,variance_if_ascent,1600,2000,0.02,0.10148558758314846,0.07917064967016263,0.07199507127540772,0.022314937912985833,0.02949051630774073,0.02946323501055656,0.029490516307740723,0.6980467895395088,0.34523002769834366,0.2657465775319016,0.3073249433412446,0.08169845142851019,0.4800000000000002,0.4799999999999995,0.02000000000000006,0.020000000000000302
variance_suite,beta_mixture_4,variance_if_ascent,1700,2000,0.02,0.10148558758314846,0.07326540481959182,0.06679537319962901,0.028220182763556645,0.03469021438351946,0.03456126615983873,0.03469021438351938,0.7262476188040919,0.1872796320967656,0.40959655850118815,0.2928054536881355,0.11031835571391088,0.4800000000000002,0.4799999999999995,0.02000000000000006,0.020000000000000302
variance_suite,beta_mixture_4,variance_if_ascent,1800,2000,0.02,0.10148558758314846,0.09325341102006152,0.08813030060064506,0.008232176563086946,0.013355286982503415,0.01333463127410639,0.013355286982503435,0.21668716773098404,0.42787331884996016,0.42378309728454755,0.07547588691020947,0.07286769695528295,0.4800000000000002,0.4799999999999995,0.02000000000000006,0.020000000000000302
variance_suite,beta_mixture_4,variance_if_ascent,1900,2000,0.02,0.10148558758314846,0.08667065998474704,0.07961824149430924,0.014814927598401417,0.02186734608883923,0.02139632168693123,0.021867346088839248,0.46248786053137425,0.3239755570046979,0.4047805127296147,0.2144812202938824,0.05676270997180511,0.4800000000000002,0.4799999999999995,0.02000000000000006,0.020000000000000302
variance_suite,beta_mixture_4,variance_if_ascent,2000,2000,0.02,0.10148558758314846,0.08685307156438304,0.0766643356146074,0.014632516018765418,0.024821251968541045,0.024330058435362845,0.024821251968541062,0.35939830070914836,0.36887669374987025,0.4114241558955552,0.09337662028975115,0.12632253006482336,0.4800000000000002,0.4799999999999995,0.02000000000000006,0.020000000000000302
variance_suite,beta_mixture_4,variance_if_ascent,2100,2000,0.02,0.10148558758314846,0.09006235861321138,0.08311727973064052,0.011423228969937083,0.018368307852507933,0.018314026907865627,0.018368307852507912,0.29957291131424313,0.4125582568739139,0.39765528746896417,0.09614431028945758,0.09364214536766428,0.4800000000000002,0.4799999999999995,0.02000000000000006,0.020000000000000302
variance_suite,beta_mixture_4,variance_if_ascent,2200,2000,0.02,0.10148558758314846,0.08822796566384805,0.08046466028727238,0.01325762191930041,0.021020927295876093,0.02097072381771431,0.021020927295876048,0.3562958723181471,0.38767228056658576,0.39417978327434033,0.11759089740388995,0.10055703875518393,0.4800000000000002,0.4799999999999995,0.02000000000000006,0.020000000000000302
variance_suite,beta_mixture_4,variance_if_ascent,2300,2000,0.02,0.10148558758314846,0.08959181277504918,0.08367843888596463,0.011893774808099278,0.01780714869718384,0.017778123966509574,0.017807148697183826,0.3623921103828567,0.38449174491029037,0.394312199898281,0.15560237201423144,0.06559368317719728,0.4800000000000002,0.4799999999999995,0.02000000000000006,0.020000000000000302
variance_suite,beta_mixture_4,variance_if_ascent,2400,2000,0.02,0.10148558758314846,0.09466226206920614,0.0918105124133416,0.006823325513942324,0.00967507516980686,0.00965021893698298,0.009675075169806854,0.20239401387484307,0.4262557405237304,0.43254725253884774,0.09158757475827405,0.04960943217914781,0.4800000000000002,0.4799999999999995,0.02000000000000006,0.020000000000000302
variance_suite,beta_mixture_4,variance_if_ascent,2500,2000,0.02,0.10148558758314846,0.09180346534782846,0.08538142435151234,0.009682122235320001,0.01610416323163612,0.016097746657432244,0.0161041632316361,0.2370727954435201,0.41799267397193435,0.4234709283063052,0.06533318627214754,0.0932032114496128,0.4800000000000002,0.4799999999999995,0.02000000000000006,0.020000000000000302
variance_suite,beta_mixture_4,variance_if_ascent,2600,2000,0.02,0.10148558758314846,0.08838938899635307,0.07997117654111083,0.013096198586795393,0.02151441104203765,0.021335321838399535,0.0215144110420377,0.3490990985133206,0.37381857185927186,0.4116318788840675,0.11604302429939557,0.0985065249572651,0.4800000000000002,0.4799999999999995,0.02000000000000006,0.020000000000000302
variance_suite,beta_mixture_4,variance_if_ascent,2700,2000,0.02,0.10148558758314846,0.09118412807264534,0.08628829810174912,0.010301459510503125,0.015197289481399335,0.015151899169887684,0.015197289481399319,0.30223890608496734,0.40992575524347397,0.398954791714042,0.12447631167090516,0.06664314137157883,0.4800000000000002,0.4799999999999995,0.02000000000000006,0.020000000000000302
variance_suite,beta_mixture_4,variance_if_ascent,2800,2000,0.02,0.10148558758314846,0.0938619335555329,0.09002376786255678,0.007623654027615556,0.011461819720591676,0.011442242102660094,0.0114618197205917,0.21533830304234802,0.4250576985009067,0.427273149977919,0.08780008009839661,0.059869071422777746,0.4800000000000002,0.4799999999999995,0.02000000000000006,0.020000000000000302
variance_suite,beta_mixture_4,variance_if_ascent,2900,2000,0.02,0.10148558758314846,0.09152316074528999,0.08585238430198945,0.009962426837858473,0.015633203281159015,0.015523328771629263,0.015633203281159,0.24295752986699465,0.416581265017371,0.4219399700491313,0.06554385001173756,0.09593491492176011,0.4800000000000002,0.4799999999999995,0.02000000000000006,0.020000000000000302
variance_suite,beta_mixture_4,variance_if_ascent,3000,2000,0.02,0.10148558758314846,0.08597065333183729,0.07893081399979116,0.015514934251311174,0.02255477358335731,0.022536148810232748,0.02255477358335728,0.4386677969607412,0.3661946521886656,0.37447144933096344,0.15858436253501693,0.10074953594535396,0.4800000000000002,0.4799999999999995,0.02000000000000006,0.020000000000000302
variance_suite,beta_mixture_4,variance_if_ascent,3100,2000,0.02,0.10148558758314846,0.0915842552280639,0.08707883595041867,0.009901332355084558,0.014406751632729795,0.01433489031854629,0.014406751632729791,0.32215839766080967,0.3961860305288413,0.4027347706407536,0.1557654686134957,0.045313730216909535,0.4800000000000002,0.4799999999999995,0.02000000000000006,0.020000000000000302
variance_suite,beta_mixture_4,variance_if_ascent,3200,2000,0.02,0.10148558758314846,0.09160564633318846,0.08690018420217686,0.00987994124996,0.014585403380971616,0.014546647345454855,0.014585403380971628,0.28355372095435316,0.4017664149496344,0.4164567245731887,0.11332316335324277,0.0684536971239342,0.4800000000000002,0.4799999999999995,0.02000000000000006,0.020000000000000302
variance_suite,beta_mixture_4,variance_if_ascent,3300,2000,0.02,0.10148558758314846,0.08758191246917207,0.08109331636874592,0.013903675113976388,0.02039227121440254,0.020169416044540478,0.0203922712144025,0.42205728580877167,0.35403910083225265,0.3949322562633612,0.1799490354843914,0.0710796074199948,0.4800000000000002,0.4799999999999995,0.02000000000000006,0.020000000000000302
variance_suite,beta_mixture_4,variance_if_ascent,3400,2000,0.02,0.10148558758314846,0.0941932260709824,0.09031498716347296,0.007292361512166057,0.011170600419675495,0.010764310771417984,0.011170600419675481,0.20264545387521465,0.4214314841310645,0.4372457889313278,0.0816174382785311,0.05970528865907655,0.4800000000000002,0.4799999999999995,0.02000000000000006,0.020000000000000302
variance_suite,beta_mixture_4,variance_if_ascent,3500,2000,0.02,0.10148558758314846,0.08463688168765043,0.07703414251688616,0.01684870589549803,0.024451445066262303,0.02443560231867198,0.024451445066262293,0.48433261236367053,0.3475521201925274,0.370281573625637,0.18032260445909506,0.10184370172274058,0.4800000000000002,0.4799999999999995,0.02000000000000006,0.020000000000000302
variance_suite,beta_mixture_4,variance_if_ascent,3600,2000,0.02,0.10148558758314846,0.08510798912704182,0.07513238156231263,0.016377598456106646,0.02635320602083582,0.02570109012775257,0.026353206020835858,0.41015753183382647,0.3296968100497187,0.42522442403336774,0.12553562445014818,0.11954314146676537,0.4800000000000002,0.4799999999999995,0.02000000000000006,0.020000000000000302
variance_suite,beta_mixture_4,variance_if_ascent,3700,2000,0.02,0.10148558758314846,0.08925641653467348,0.08151960755960592,0.012229171048474985,0.019965980023542527,0.019648952614006066,0.01996598002354252,0.31419778021426736,0.3808668701105841,0.4220342397822819,0.09720326135323723,0.0998956287538968,0.4800000000000002,0.4799999999999995,0.02000000000000006,0.020000000000000302
variance_suite,beta_mixture_4,variance_if_ascent,3800,2000,0.02,0.10148558758314846,0.0931030818929548,0.08805709340226574,0.008382505690193665,0.013428494180882723,0.013420012392439173,0.013428494180882699,0.2020544894429815,0.4298955016803622,0.42907725359814675,0.05561246341295234,0.08541478130853881,0.4800000000000002,0.4799999999999995,0.02000000000000006,0.020000000000000302
variance_suite,beta_mixture_4,variance_if_ascent,3900,2000,0.02,0.10148558758314846,0.09480391980227254,0.09157652696238504,0.006681667780875922,0.009909060620763428,0.009673402285870936,0.00990906062076344,0.17403879161134225,0.43124836306361747,0.44173224113071113,0.06316617780163453,0.06385321800403701,0.4800000000000002,0.4799999999999995,0.02000000000000006,0.020000000000000302
variance_suite,beta_mixture_4,variance_if_ascent,4000,2000,0.02,0.10148558758314846,0.08735881692837977,0.07996152052851377,0.014126770654768694,0.021524067054634687,0.021506971088089077,0.021524067054634704,0.4112460386591807,0.3766519294171042,0.3777250512533051,0.15931996141366034,0.0863030579159303,0.4800000000000002,0.4799999999999995,0.02000000000000006,0.020000000000000302
variance_suite,beta_mixture_4,variance_if_ascent,4100,2000,0.02,0.10148558758314846,0.0823393722313886,0.07361607942356178,0.019146215351759865,0.02786950815958667,0.027769196097415294,0.027869508159586713,0.557659130175739,0.3065558615492035,0.3746145733629267,0.21864151360995757,0.10018805147791222,0.4800000000000002,0.4799999999999995,0.02000000000000006,0.020000000000000302
variance_suite,beta_mixture_4,variance_if_ascent,4200,2000,0.02,0.10148558758314846,0.09653783008212372,0.09364013026694402,0.0049477575010247465,0.007845457316204443,0.007768554015967211,0.007845457316204452,0.11809632956020626,0.4562667834119112,0.44468505180798534,0.03998709515612532,0.059061069623978134,0.4800000000000002,0.4799999999999995,0.02000000000000006,0.020000000000000302
variance_suite,beta_mixture_4,variance_if_ascent,4300,2000,0.02,0.10148558758314846,0.08824116655624215,0.08194811335183161,0.013244421026906317,0.019537474231316854,0.019525748138774168,0.019537474231316906,0.3754447232267493,0.3793677217588284,0.3929099166277966,0.13965064721659487,0.08807171439678013,0.4800000000000002,0.4799999999999995,0.02000000000000006,0.020000000000000302
variance_suite,beta_mixture_4,variance_if_ascent,4400,2000,0.02,0.10148558758314846,0.09162613885605392,0.08679790774564078,0.009859448727094544,0.01468767983750768,0.014519264850598013,0.014687679837507676,0.31248646281158654,0.3904348342183206,0.4133219343758859,0.14686110737682215,0.049382124028971554,0.4800000000000002,0.4799999999999995,0.02000000000000006,0.020000000000000302
variance_suite,beta_mixture_4,variance_if_ascent,4500,2000,0.02,0.10148558758314846,0.08914547529683675,0.08078258903454655,0.01234011228631171,0.020702998548601918,0.020657585582738003,0.020702998548601897,0.3137867793924536,0.39808476443979296,0.40502184586397993,0.09083985747280411,0.10605353222342308,0.4800000000000002,0.4799999999999995,0.02000000000000006,0.020000000000000302
variance_suite,beta_mixture_4,variance_if_ascent,4600,2000,0.02,0.10148558758314846,0.08715099918029073,0.07976913344626074,0.014334588402857729,0.021716454136887726,0.02155817315837838,0.021716454136887706,0.41682362254477534,0.36142897158004744,0.39015921714756446,0.16252975419980245,0.08588205707258549,0.4800000000000002,0.4799999999999995,0.02000000000000006,0.020000000000000302
variance_suite,beta_mixture_4,variance_if_ascent,4700,2000,0.02,0.10148558758314846,0.08864418185551637,0.0826894870496362,0.012841405727632094,0.018796100533512272,0.018689846649432906,0.018796100533512283,0.3715519248355694,0.3728465208150519,0.40137751676716316,0.14575857211358942,0.08001739030419569,0.4800000000000002,0.4799999999999995,0.02000000000000006,0.020000000000000302
variance_suite,beta_mixture_4,variance_if_ascent,4800,2000,0.02,0.10148558758314846,0.08517109472191142,0.075731968839693,0.01631449286123704,0.02575361874345545,0.025350437795437553,0.025753618743455456,0.44084080269912895,0.33865214866397264,0.4009274499864625,0.15061849552809778,0.10980190582146697,0.4800000000000002,0.4799999999999995,0.02000000000000006,0.020000000000000302
variance_suite,beta_mixture_4,variance_if_ascent,4900,2000,0.02,0.10148558758314846,0.08967652590259095,0.08314930256155167,0.011809061680557509,0.01833628502159678,0.01832875427619282,0.018336285021596763,0.35962023477013816,0.3930625888645352,0.3871272937503954,0.15429860037620707,0.06551151700886237,0.4800000000000002,0.4799999999999995,0.02000000000000006,0.020000000000000302
variance_suite,beta_mixture_4,variance_if_ascent,5000,2000,0.02,0.10148558758314846,0.06712627545232958,0.0597997907950822,0.034359312130818886,0.04168579678806627,0.041606231605537225,0.041685796788066255,0.7667832450446916,0.15185056628309912,0.4247578111945548,0.24977853923995577,0.17361308328239042,0.4800000000000002,0.4799999999999995,0.02000000000000006,0.020000000000000302
variance_suite,beta_mixture_4,variance_if_ascent,5100,2000,0.02,0.10148558758314846,0.09714819156228621,0.09511939601201405,0.00433739602086225,0.00636619157113442,0.0062441532321156346,0.006366191571134427,0.1409801605587171,0.4376660161017754,0.45184390361886567,0.07968449778506385,0.030805582494295,0.4800000000000002,0.4799999999999995,0.02000000000000006,0.020000000000000302
variance_suite,beta_mixture_4,variance_if_ascent,5200,2000,0.02,0.10148558758314846,0.08663529244811163,0.0783961096760892,0.014850295135036828,0.023089477907059248,0.023041897259407862,0.023089477907059234,0.41546689902087763,0.3710288250428655,0.3812377254466953,0.14778345500162002,0.09994999450881913,0.4800000000000002,0.4799999999999995,0.02000000000000006,0.020000000000000302
variance_suite,beta_mixture_4,variance_if_ascent,5300,2000,0.02,0.10148558758314846,0.08827516896149185,0.08191221146604803,0.013210418621656617,0.01957337611710041,0.019495013661287586,0.019573376117100395,0.3995563041240395,0.36630233924131905,0.3939195086966609,0.16864694307496433,0.07113120898705577,0.4800000000000002,0.4799999999999995,0.02000000000000006,0.020000000000000302
variance_suite,beta_mixture_4,variance_if_ascent,5400,2000,0.02,0.10148558758314846,0.09071020529078261,0.08458522139975252,0.010775382292365854,0.016900366183395923,0.01682844836264008,0.01690036618339596,0.2911850897224808,0.4129693388731334,0.40143811626562587,0.10131357543136062,0.08427896942988017,0.4800000000000002,0.4799999999999995,0.02000000000000006,0.020000000000000302
variance_suite,beta_mixture_4,variance_if_ascent,5500,2000,0.02,0.10148558758314846,0.09165293989770734,0.0868571528603014,0.00983264768544112,0.014628434722847054,0.014592158619382206,0.01462843472284706,0.2839916790031157,0.41024876859295084,0.40775539190549104,0.1144617935764933,0.06753404592506494,0.4800000000000002,0.4799999999999995,0.02000000000000006,0.020000000000000302
variance_suite,beta_mixture_4,variance_if_ascent,5600,2000,0.02,0.10148558758314846,0.0945387142211509,0.09114143595785774,0.006946873361997563,0.010344151625290714,0.010320166263208447,0.010344151625290704,0.1865017215361192,0.4295663717102123,0.4371827675217278,0.07099257256784923,0.062258288200210725,0.4800000000000002,0.4799999999999995,0.02000000000000006,0.020000000000000302
variance_suite,beta_mixture_4,variance_if_ascent,5700,2000,0.02,0.10148558758314846,0.08797190698295437,0.08059086208983691,0.013513680600194089,0.020894725493311547,0.020424895855587544,0.020894725493311537,0.4062190553656755,0.35486338694168285,0.4020270853754791,0.1722061646946503,0.0709033629881878,0.4800000000000002,0.4799999999999995,0.02000000000000006,0.020000000000000302
variance_suite,beta_mixture_4,variance_if_ascent,5800,2000,0.02,0.10148558758314846,0.08445084262049929,0.07434379699959802,0.017034744962649173,0.02714179058355045,0.02685483828897517,0.02714179058355051,0.43966317043962466,0.3380496411631109,0.4021187736170764,0.13335699084059272,0.12647459437921993,0.4800000000000002,0.4799999999999995,0.02000000000000006,0.020000000000000302
variance_suite,beta_mixture_4,variance_if_ascent,5900,2000,0.02,0.10148558758314846,0.09198934600185416,0.0871940334805445,0.009496241581294307,0.014291554102603972,0.014134074186290424,0.014291554102603977,0.2750478794127814,0.4010976449091972,0.42137841538441184,0.11292692063317684,0.06459701907321426,0.4800000000000002,0.4799999999999995,0.02000000000000006,0.020000000000000302
variance_suite,beta_mixture_4,variance_if_ascent,6000,2000,0.02,0.10148558758314846,0.08707876548436935,0.07879600508333573,0.01440682209877911,0.022689582499812733,0.022613645073699867,0.022689582499812795,0.3841519701158007,0.4032521820987981,0.3646718328433013,0.12561176189617018,0.10646422316173063,0.4800000000000002,0.4799999999999995,0.02000000000000006,0.020000000000000302
variance_suite,beta_mixture_4,variance_if_ascent,6100,2000,0.02,0.10148558758314846,0.09007501743856161,0.08180938760119122,0.011410570144586851,0.01967619998195724,0.01875944510803501,0.019676199981957188,0.2911533282806039,0.3908278024198334,0.42359553343986434,0.08873834433053043,0.09683831980977191,0.4800000000000002,0.4799999999999995,0.02000000000000006,0.020000000000000302
variance_suite,beta_mixture_4,variance_if_ascent,6200,2000,0.02,0.10148558758314846,0.09301837895954629,0.08784825204434579,0.008467208623602174,0.013637335538802663,0.013297636303632121,0.013637335538802677,0.22842861102044903,0.4182418029637378,0.42754389152603733,0.08343011522710445,0.0707841902831204,0.4800000000000002,0.4799999999999995,0.02000000000000006,0.020000000000000302
variance_suite,beta_mixture_4,variance_if_ascent,6300,2000,0.02,0.10148558758314846,0.08012241834664174,0.0712893373154567,0.02136316923650672,0.030196250267691765,0.029732808434024482,0.030196250267691734,0.5773043251962645,0.26814579243601117,0.4032020449658563,0.21806747780220923,0.11058468479592345,0.4800000000000002,0.4799999999999995,0.02000000000000006,0.020000000000000302
variance_suite,beta_mixture_4,variance_if_ascent,6400,2000,0.02,0.10148558758314846,0.08663922422080256,0.07578044528158902,0.014846363362345905,0.02570514230155943,0.024921539717248864,0.025705142301559503,0.3680849064032706,0.3532580217552553,0.4226995250431091,0.10441944409561829,0.11962300910601731,0.4800000000000002,0.4799999999999995,0.02000000000000006,0.020000000000000302
variance_suite,beta_mixture_4,variance_if_ascent,6500,2000,0.02,0.10148558758314846,0.09079010682248717,0.0849109572176965,0.010695480760661291,0.016574630365451974,0.016219766052055606,0.01657463036545197,0.29653058459771997,0.39738180815403185,0.4143528995471078,0.10944483855153687,0.07882045374732342,0.4800000000000002,0.4799999999999995,0.02000000000000006,0.020000000000000302
variance_suite,beta_mixture_4,variance_if_ascent,6600,2000,0.02,0.10148558758314846,0.07737399739864192,0.06865806982055134,0.024111590184506537,0.03282751776259712,0.03239784852706251,0.03282751776259709,0.6341461906262531,0.2325850296741457,0.41034187501272734,0.2465788193917949,0.11049427592133196,0.4800000000000002,0.4799999999999995,0.02000000000000006,0.020000000000000302
variance_suite,beta_mixture_4,variance_if_ascent,6700,2000,0.02,0.10148558758314846,0.08740140341925007,0.08129858750864641,0.014084184163898394,0.02018700007450206,0.0201631575941546,0.020187000074502085,0.4499182150454757,0.3631070706894878,0.371933821787774,0.20380705784318412,0.061152049679553996,0.4800000000000002,0.4799999999999995,0.02000000000000006,0.020000000000000302
variance_suite,beta_mixture_4,variance_if_ascent,6800,2000,0.02,0.10148558758314846,0.08059997893276227,0.07189631951235867,0.02088560865038619,0.029589268070789803,0.029519106731144107,0.0295892680707898,0.5777297579279993,0.2807419076379861,0.39039321339801386,0.21667784293419,0.11218703602980998,0.4800000000000002,0.4799999999999995,0.02000000000000006,0.020000000000000302
variance_suite,beta_mixture_4,variance_if_ascent,6900,2000,0.02,0.10148558758314846,0.09266974899897779,0.08689926591940007,0.008815838584170677,0.014586321663748385,0.01370092285352309,0.014586321663748372,0.3114671547116952,0.3848777960662828,0.4193886265778693,0.17085708174353262,0.02487649561231537,0.4800000000000002,0.4799999999999995,0.02000000000000006,0.020000000000000302
variance_suite,beta_mixture_4,variance_if_ascent,7000,2000,0.02,0.10148558758314846,0.08823655471595754,0.08098031643940018,0.013249032867190924,0.020505271143748276,0.020455058198484144,0.020505271143748283,0.357071880185738,0.3837918856926375,0.3976721742144932,0.1189647517282753,0.09957118836459407,0.4800000000000002,0.4799999999999995,0.02000000000000006,0.020000000000000302
variance_suite,beta_mixture_4,variance_if_ascent,7100,2000,0.02,0.10148558758314846,0.08245797971107677,0.07519969661071627,0.019027607872071695,0.0262858909724322,0.026278089606124433,0.026285890972432217,0.5946853269141021,0.3261413006117852,0.3365160359311634,0.25358242511288215,0.08376023834416925,0.4800000000000002,0.4799999999999995,0.02000000000000006,0.020000000000000302
variance_suite,beta_mixture_4,variance_if_ascent,7200,2000,0.02,0.10148558758314846,0.08976049225171834,0.08441391547279349,0.011725095331430124,0.017071672110354978,0.01702202410556175,0.017071672110355002,0.3519630233009724,0.3926863212214184,0.39133216712809504,0.1475573512142195,0.06842416043626699,0.4800000000000002,0.4799999999999995,0.02000000000000006,0.020000000000000302
variance_suite,beta_mixture_4,variance_if_ascent,7300,2000,0.02,0.10148558758314846,0.05959441943825439,0.05693556076336305,0.041891168144894075,0.04455002681978541,0.0445397756726692,0.044550026819785364,0.9857822000792112,0.06881088376943495,0.3982980161909591,0.39363486213232646,0.1392562379072795,0.4800000000000002,0.4799999999999995,0.02000000000000006,0.020000000000000302
variance_suite,beta_mixture_4,variance_if_ascent,7400,2000,0.02,0.10148558758314846,0.08016032167637716,0.07119509372491328,0.021325265906771307,0.030290493858235193,0.030282352683967673,0.03029049385823518,0.6184385993241259,0.2913564104564672,0.35942428988146946,0.23715682014050232,0.1120624795215609,0.4800000000000002,0.4799999999999995,0.02000000000000006,0.020000000000000302
variance_suite,beta_mixture_4,variance_if_ascent,7500,2000,0.02,0.10148558758314846,0.09341867650367858,0.08973328857752763,0.008066911079469885,0.011752299005620834,0.011719494879677439,0.011752299005620831,0.2442455360108439,0.4176136306986263,0.42026360129595136,0.11011914341159353,0.052003624593828686,0.4800000000000002,0.4799999999999995,0.02000000000000006,0.020000000000000302
variance_suite,beta_mixture_4,variance_if_ascent,7600,2000,0.02,0.10148558758314846,0.06830702358172236,0.0628024544654068,0.0331785640014261,0.03868313311774166,0.03866971840870842,0.03868313311774175,0.8959165160474345,0.14736256311917503,0.3646791788571074,0.36559284810161835,0.12236540992209928,0.4800000000000002,0.4799999999999995,0.02000000000000006,0.020000000000000302
variance_suite,beta_mixture_4,variance_if_ascent,7700,2000,0.02,0.10148558758314846,0.09209914232785599,0.08668153412497395,0.009386445255292475,0.014804053458174508,0.014464714363836867,0.014804053458174527,0.26840113844674557,0.41593122514713976,0.4098682056294871,0.10720760404692166,0.06699296517645145,0.4800000000000002,0.4799999999999995,0.02000000000000006,0.020000000000000302
variance_suite,beta_mixture_4,variance_if_ascent,7800,2000,0.02,0.10148558758314846,0.08569355128165224,0.07723789221961481,0.015792036301496226,0.024247695363533644,0.02424383931352686,0.024247695363533626,0.4252443288519898,0.3583808836134368,0.388996951960568,0.13900315691560636,0.11361900751038889,0.4800000000000002,0.4799999999999995,0.02000000000000006,0.020000000000000302
variance_suite,beta_mixture_4,variance_if_ascent,7900,2000,0.02,0.10148558758314846,0.0896926267795008,0.08083746601026998,0.011792960803647667,0.020648121572878483,0.020392743842743283,0.02064812157287844,0.29914939286554687,0.42193398073957655,0.38849132282764975,0.08908522811140734,0.1004894683213665,0.4800000000000002,0.4799999999999995,0.02000000000000006,0.020000000000000302
variance_suite,beta_mixture_4,variance_if_ascent,8000,2000,0.02,0.10148558758314846,0.07109747874590194,0.0644081613864023,0.03038810883724652,0.03707742619674616,0.036995051654441224,0.03707742619674617,0.7800551835970427,0.17260162052683062,0.3973707876746476,0.3060021528072863,0.12402543899123535,0.4800000000000002,0.4799999999999995,0.02000000000000006,0.020000000000000302
variance_suite,beta_mixture_4,variance_if_ascent,8100,2000,0.02,0.10148558758314846,0.08981532583769042,0.08357187698736701,0.011670261745458044,0.01791371059578145,0.017828671777673555,0.017913710595781406,0.32085499261754546,0.3886797540000547,0.41089274969117223,0.11493538344169824,0.0854921128670749,0.4800000000000002,0.4799999999999995,0.02000000000000006,0.020000000000000302
variance_suite,beta_mixture_4,variance_if_ascent,8200,2000,0.02,0.10148558758314846,0.09045793137398395,0.08517833645489907,0.011027656209164516,0.016307251128249392,0.016285244207149996,0.016307251128249354,0.31371621555151247,0.39983504265195563,0.40330684957228774,0.12058163051381755,0.07627647726193901,0.4800000000000002,0.4799999999999995,0.02000000000000006,0.020000000000000302
variance_suite,beta_mixture_4,variance_if_ascent,8300,2000,0.02,0.10148558758314846,0.08711043398403917,0.08084783368917157,0.014375153599109292,0.020637753893976877,0.020597219287932844,0.020637753893976884,0.4414617894102352,0.3839029512398144,0.3553661540550677,0.1892076701636184,0.07152322454149956,0.4800000000000002,0.4799999999999995,0.02000000000000006,0.020000000000000302
variance_suite,beta_mixture_4,variance_if_ascent,8400,2000,0.02,0.10148558758314846,0.09041795385782925,0.08560040684997333,0.011067633725319215,0.01588518073317513,0.015788346427436428,0.015885180733175134,0.33438118637354775,0.38117446590889387,0.411634940904332,0.14471821084689432,0.06247238233987994,0.4800000000000002,0.4799999999999995,0.02000000000000006,0.020000000000000302
variance_suite,beta_mixture_4,variance_if_ascent,8500,2000,0.02,0.10148558758314846,0.0908058018924463,0.08527513026878174,0.01067978569070216,0.01621045731436672,0.016155616313800053,0.01621045731436672,0.30937882560027874,0.39587969450509575,0.4094308926947645,0.12399395582566984,0.07069545697446981,0.4800000000000002,0.4799999999999995,0.02000000000000006,0.020000000000000302
variance_suite,beta_mixture_4,variance_if_ascent,8600,2000,0.02,0.10148558758314846,0.08834533184345914,0.0801032483008822,0.013140255739689327,0.021382339282266263,0.021378931025675812,0.02138233928226625,0.3383809992192378,0.39692285846354114,0.39388664192683964,0.1001099508829243,0.10908054872669493,0.4800000000000002,0.4799999999999995,0.02000000000000006,0.020000000000000302
variance_suite,beta_mixture_4,variance_if_ascent,8700,2000,0.02,0.10148558758314846,0.0961307477020778,0.09345342859874708,0.005354839881070661,0.008032158984401383,0.00801007020530986,0.008032158984401393,0.14281258969084296,0.44085412189045425,0.4477395832641239,0.05824904341203072,0.053157251433391034,0.4800000000000002,0.4799999999999995,0.02000000000000006,0.020000000000000302
variance_suite,beta_mixture_4,variance_if_ascent,8800,2000,0.02,0.10148558758314846,0.08964561084601982,0.08396118720321778,0.011839976737128638,0.01752440037993069,0.017480030730663176,0.017524400379930725,0.3438880231462224,0.40386069039170314,0.3841952980351853,0.13667585257474094,0.07526815899837061,0.4800000000000002,0.4799999999999995,0.02000000000000006,0.020000000000000302
variance_suite,beta_mixture_4,variance_if_ascent,8900,2000,0.02,0.10148558758314846,0.07390931974543702,0.06536150772399386,0.027576267837711443,0.03612407985915459,0.03597451330357354,0.036124079859154556,0.7001710134761852,0.21205240787665253,0.3978620853852546,0.24769086080749567,0.14239464593059725,0.4800000000000002,0.4799999999999995,0.02000000000000006,0.020000000000000302
variance_suite,beta_mixture_4,variance_if_ascent,9000,2000,0.02,0.10148558758314846,0.08910661322065139,0.08062937288212695,0.012378974362497075,0.02085621470102151,0.020095632403076713,0.020856214701021503,0.3199447100427273,0.3901741773117881,0.4098534676668479,0.09755427253303905,0.10241808248832492,0.4800000000000002,0.4799999999999995,0.02000000000000006,0.020000000000000302
variance_suite,beta_mixture_4,variance_if_ascent,9100,2000,0.02,0.10148558758314846,0.09550820241087166,0.09233092825341527,0.005977385172276806,0.009154659329733196,0.009120383252728348,0.009154659329733193,0.15479715440168812,0.4294019008826733,0.45319952191648233,0.05856986457009446,0.05882871263074998,0.4800000000000002,0.4799999999999995,0.02000000000000006,0.020000000000000302
variance_suite,beta_mixture_4,variance_if_ascent,9200,2000,0.02,0.10148558758314846,0.08827434717648464,0.08211580043750383,0.013211240406663827,0.01936978714564464,0.01919965167505361,0.01936978714564465,0.3900346063962177,0.35565611247078566,0.4093265843311051,0.1622938953087547,0.0727234078893544,0.4800000000000002,0.4799999999999995,0.02000000000000006,0.020000000000000302
variance_suite,beta_mixture_4,variance_if_ascent,9300,2000,0.02,0.10148558758314846,0.0939616213361873,0.09035703653540607,0.007523966246961167,0.011128551047742396,0.011051112817338893,0.011128551047742392,0.21449430990290635,0.41684526222605667,0.4359075828224898,0.08985930174975285,0.057387853201700645,0.4800000000000002,0.4799999999999995,0.02000000000000006,0.020000000000000302
variance_suite,beta_mixture_4,variance_if_ascent,9400,2000,0.02,0.10148558758314846,0.08319677444644635,0.07453564338530314,0.01828881313670211,0.026949944197845334,0.026762543370710434,0.0269499441978454,0.5141135484548996,0.3168951913007708,0.38604803447177904,0.1896551579831045,0.10740161624434566,0.4800000000000002,0.4799999999999995,0.02000000000000006,0.020000000000000302
variance_suite,beta_mixture_4,variance_if_ascent,9500,2000,0.02,0.10148558758314846,0.09351598304679437,0.08900714615007167,0.007969604536354091,0.012478441433076786,0.012283280640005001,0.012478441433076786,0.22243398971832506,0.41754525066259673,0.43123775447824036,0.08825014789043541,0.06296684696872744,0.4800000000000002,0.4799999999999995,0.02000000000000006,0.020000000000000302
variance_suite,beta_mixture_4,variance_if_ascent,9600,2000,0.02,0.10148558758314846,0.09059978943979907,0.08503697156383586,0.01088579814334939,0.016448616019312592,0.016085528779437697,0.01644861601931257,0.3103509975980678,0.3875404215673196,0.4172840796336461,0.12182861394435954,0.0733468848546746,0.4800000000000002,0.4799999999999995,0.02000000000000006,0.020000000000000302
variance_suite,beta_mixture_4,variance_if_ascent,9700,2000,0.02,0.10148558758314846,0.08534494493672162,0.07608221483403088,0.01614064264642684,0.025403372749117595,0.0253909360156499,0.025403372749117567,0.4318449631726885,0.3565936212899725,0.38748389712368286,0.13849796454200478,0.11742451704433979,0.4800000000000002,0.4799999999999995,0.02000000000000006,0.020000000000000302
variance_suite,beta_mixture_4,variance_if_ascent,9800,2000,0.02,0.10148558758314846,0.09352429746824753,0.0900308547806192,0.007961290114900932,0.011454732802529254,0.0113191429892546,0.011454732802529264,0.2428341679405501,0.4161234622097745,0.42245945381995015,0.11101041229662431,0.050406671673651066,0.4800000000000002,0.4799999999999995,0.02000000000000006,0.020000000000000302
variance_suite,beta_mixture_4,variance_if_ascent,9900,2000,0.02,0.10148558758314846,0.09092917768845543,0.08602699439368905,0.01055640989469303,0.015458593189459411,0.015438167690837223,0.015458593189459401,0.2983473479227375,0.40326390660088207,0.4075624194377488,0.11409698239585767,0.07507669156551136,0.4800000000000002,0.4799999999999995,0.02000000000000006,0.020000000000000302
variance_suite,beta_mixture_4,variance_if_ascent,10000,2000,0.02,0.10148558758314846,0.09414709792582918,0.09082617183608604,0.007338489657319286,0.010659415747062428,0.010584004445145456,0.010659415747062443,0.20576802292328705,0.43386446948410656,0.42325151905424957,0.0837860159899979,0.05909799547164598,0.4800000000000002,0.4799999999999995,0.02000000000000006,0.020000000000000302
